image_path,target_text
logos/3.png,BLIND GUARDIAN
logos/7.png,ENTOMBED
logos/8.png,DARK TRANQUILLITY
logos/11.png,IN FLAMES
logos/13.png,SPIRITUAL BEGGARS
logos/14.png,CARCASS
logos/24.jpg,CRADLE OF FILTH
logos/26.png,SOILWORK
logos/27.jpg,ANDROMEDA
logos/28.jpg,ANCIENT RITES
logos/29.jpg,SUMMONING
logos/30.png,EMPEROR
logos/31.png,SAMAEL
logos/32.jpg,RHAPSODY OF FIRE
logos/33.jpg,EXCELSIS
logos/34.png,CANDLEMASS
logos/35.png,SAINT VITUS
logos/47.jpg,HAMMERS OF MISFORTUNE
logos/50.jpg,SOLEFALD
logos/57.jpg,BORISLAV MITIC
logos/58.jpg,SKYCLAD
logos/60.png,NEUROSIS
logos/61.png,MOONSPELL
logos/63.jpg,HAGGARD
logos/64.jpg,DRAGONLORD
logos/68.jpg,MORBID ANGEL
logos/69.jpg,DIMMU BORGIR
logos/70.png,TESTAMENT
logos/72.png,SLAYER
logos/76.jpg,SOILENT GREEN
logos/78.jpg,SEPULTURA
logos/79.jpg,ORIGIN
logos/82.jpg,ANACRUSIS
logos/86.jpg,CRUACHAN
logos/87.jpg,WAYLANDER
logos/89.jpg,MOONSORROW
logos/94.jpg,THERION
logos/95.jpg,FINNTROLL
logos/100.jpg,DIABLERIE
logos/104.jpg,ENSLAVED
logos/105.jpg,VIRGIN STEELE
logos/109.png,MEGIDDO
logos/117.jpg,CORONER
logos/120.png,SACRED REICH
logos/121.jpg,NUCLEAR ASSAULT
logos/122.jpg,DISMEMBER
logos/128.png,VENOM
logos/129.jpg,STORMLORD
logos/130.jpg,SWORD
logos/131.gif,HATE ETERNAL
logos/134.png,DARK LUNACY
logos/135.jpg,DEFLESHED
logos/139.png,NILE
logos/140.jpg,ANNIHILATOR
logos/142.jpg,HELSTAR
logos/143.gif,EXHUMED
logos/145.jpg,VADER
logos/146.jpg,DARKTHRONE
logos/150.png,AMON AMARTH
logos/151.png,MY DYING BRIDE
logos/153.png,SACRED STEEL
logos/155.jpg,DESTRUCTION
logos/157.png,KREATOR
logos/165.jpg,OBITUARY
logos/166.jpg,KAMELOT
logos/167.jpg,MACABRE
logos/168.png,OVERKILL
logos/169.jpg,ANTHRAX
logos/172.png,SYMPHONY X
logos/173.jpg,EXODUS
logos/175.png,MALEVOLENT CREATION
logos/179.jpg,DEATH ANGEL
logos/182.jpg,MERCYFUL FATE
logos/186.png,CANNIBAL CORPSE
logos/187.png,PSYCROPTIC
logos/189.png,FEAR FACTORY
logos/192.jpg,SONATA ARCTICA
logos/195.png,OZZY OSBOURNE
logos/197.gif,KRISIUN
logos/198.jpg,ACCEPT
logos/201.jpg,HAMMERFALL
logos/206.jpg,SEVERED SAVIOR
logos/213.jpg,ABORTED
logos/216.jpg,STRATOVARIUS
logos/218.png,WITCHERY
logos/219.png,NAPALM DEATH
logos/221.jpg,GAMMA RAY
logos/223.jpg,DESTROYER
logos/224.jpg,ABLAZE MY SORROW
logos/226.gif,OPPROBRIUM
logos/227.png,VINTERSORG
logos/231.png,AND OCEANS
logos/235.jpg,CROWBAR
logos/238.jpg,PESTILENCE
logos/239.jpg,DISAVOWED
logos/240.jpg,SEVERE TORTURE
logos/241.jpg,BRODEQUIN
logos/242.jpg,GOD DETHRONED
logos/243.jpg,DIMENSION ZERO
logos/244.gif,WITCHBURNER
logos/245.jpg,BLACK LABEL SOCIETY
logos/246.jpg,CORROSION OF CONFORMITY
logos/247.jpg,CARNAL FORGE
logos/248.jpg,OVERDOSE
logos/250.jpg,DEMILICH
logos/252.jpg,ALTAR
logos/253.jpg,IMAGIKA
logos/254.jpg,BREAKER
logos/255.jpg,KING DIAMOND
logos/258.png,KRABATHOR
logos/260.jpg,NOCTURNAL RITES
logos/262.gif,GALGERAS
logos/267.jpg,SCANNER
logos/268.png,PENTAGRAM
logos/270.jpg,GRAND BELIALS KEY
logos/271.gif,PARADOX
logos/277.jpg,DESASTER
logos/280.jpg,ARMORED SAINT
logos/281.jpg,MASSACRE
logos/286.png,DANZIG
logos/288.png,NOVEMBERS DOOM
logos/292.png,ARCTURUS
logos/293.jpg,THANATOS
logos/297.png,MAJESTY
logos/303.jpg,OBSCENITY
logos/304.jpg,ATHEIST
logos/306.jpg,RUNNING WILD
logos/314.png,ROTTING CHRIST
logos/315.jpg,RAZOR
logos/317.gif,STEEL PROPHET
logos/318.jpg,PROSTITUTE DISFIGUREMENT
logos/319.jpg,VOMITORY
logos/321.jpg,ROB ROCK
logos/322.jpg,VOMIT REMNANTS
logos/327.jpg,AEON
logos/329.png,IRON SAVIOR
logos/331.jpg,AVANTASIA
logos/332.jpg,ENSIFERUM
logos/333.gif,ETERNAL TEARS OF SORROW
logos/335.jpg,MACHINE HEAD
logos/340.jpg,QUEENSRYCHE
logos/341.jpg,SATYRICON
logos/342.jpg,U D O
logos/343.jpg,SANCTUARY
logos/344.jpg,IMPALED NAZARENE
logos/346.jpg,SOILS OF FATE
logos/347.jpg,SECT OF EXECRATION
logos/348.png,BEHERIT
logos/353.jpg,ESOTERIC
logos/359.png,UNLEASHED
logos/365.jpeg,PARAGON
logos/367.jpg,DIABOLICAL
logos/370.png,TAAKE
logos/371.jpg,METAL CHURCH
logos/378.jpg,HEATHEN
logos/389.jpg,LIQUID TENSION EXPERIMENT
logos/392.png,IN THE WOODS
logos/393.jpg,TROUBLE
logos/397.jpg,ALASTOR
logos/401.png,DIAMOND HEAD
logos/404.jpg,MONTREAL
logos/405.gif,PROFANITY
logos/408.jpg,HERETIC
logos/412.jpg,AGATHODAIMON
logos/413.jpg,AISLING
logos/419.jpg,SODOM
logos/420.jpg,AURORA BOREALIS
logos/421.jpg,CRYSTAL EYES
logos/427.jpg,DEVIL LEE ROT
logos/437.jpg,OBLIVEON
logos/442.jpg,PENTACLE
logos/443.png,PENTAGRAM
logos/444.jpg,POWER CRUE
logos/446.jpg,POWERS COURT
logos/447.jpg,PROTOTYPE
logos/451.jpg,PANDEMIA
logos/453.jpg,OCTOBER
logos/454.jpg,HOUWITSER
logos/456.jpg,RUNEMAGICK
logos/458.jpg,REVEREND
logos/462.jpeg,SACRIFICE
logos/463.jpg,SACROSANCT
logos/464.jpg,AGIEL
logos/465.gif,SALEM
logos/466.jpg,SARATOGA
logos/469.jpg,SETH
logos/471.jpg,MENTAL HOME
logos/472.jpg,SEASONS OF THE WOLF
logos/480.gif,SKULLVIEW
logos/484.jpg,SABATON
logos/487.jpg,SUIDAKRA
logos/494.jpg,TYRANT
logos/497.jpg,AGRESSOR
logos/498.jpg,URGRUND
logos/500.png,URN
logos/502.jpg,BLACK ABYSS
logos/504.jpg,BENEDICTION
logos/509.jpg,BLOOD FEAST
logos/514.jpg,BLACK STEEL
logos/515.png,WOLVERINE
logos/517.jpg,ACID DEATH
logos/519.jpg,ACID KING
logos/521.png,ACID REIGN
logos/529.jpg,AGENT STEEL
logos/535.jpg,TANKARD
logos/537.jpg,ANGEL WITCH
logos/538.png,ANGRA
logos/544.jpg,W A S P
logos/547.png,PAIN OF SALVATION
logos/548.jpg,JAG PANZER
logos/550.jpg,TREN LOCO
logos/555.jpg,KRUGER
logos/557.jpg,CATAMENIA
logos/561.jpg,CIRITH UNGOL
logos/562.jpg,JACOBS DREAM
logos/565.jpg,CUSTARD
logos/569.jpg,DAWNBRINGER
logos/578.jpg,DETRITUS
logos/580.png,SABBAT
logos/584.jpg,EMINENZ
logos/591.jpg,ELDRITCH
logos/593.jpg,MORRIGAN
logos/596.jpg,ANAEL
logos/601.gif,REBAELLIUN
logos/602.jpg,MYSTIFIER
logos/603.jpg,FREEDOM CALL
logos/604.jpg,FATES WARNING
logos/612.jpg,SUNN O
logos/613.jpg,INTO ETERNITY
logos/615.jpg,DENATA
logos/618.jpg,NAGLFAR
logos/621.jpg,FLOTSAM AND JETSAM
logos/626.jpg,SAXON
logos/629.jpg,BORKNAGAR
logos/633.jpg,CENTINEX
logos/639.jpg,ARTENSION
logos/641.png,ASPHYX
logos/642.jpg,ASSASSIN
logos/644.jpg,ATOMKRAFT
logos/645.jpg,ATTACKER
logos/646.jpg,ATROCITY
logos/666.jpg,BLACK JESTER
logos/669.jpg,DARK FUNERAL
logos/670.jpg,PORTAL
logos/671.jpg,GHOUL
logos/678.jpg,VICIOUS RUMORS
logos/681.jpg,BLASPHEME
logos/685.jpg,BLITZKRIEG
logos/688.jpg,ABHORRENCE
logos/690.jpg,THE BRONX CASKET CO
logos/692.jpg,CADAVER
logos/695.jpg,CANCER
logos/697.jpg,IVORY TOWER
logos/699.png,DEVISER
logos/701.png,MEKONG DELTA
logos/702.jpg,KALMAH
logos/703.png,SHADOWS FALL
logos/710.png,MISANTHROPE
logos/712.jpg,MOB RULES
logos/714.jpg,MUTILATOR
logos/715.jpg,MY DARKEST HATE
logos/717.png,THY SERPENT
logos/722.jpg,VIRUS
logos/726.jpg,VEXED
logos/732.gif,UNPURE
logos/734.jpg,DOOMSWORD
logos/736.jpg,MAPLE CROSS
logos/737.jpg,VENDETTA
logos/740.jpeg,MURDER RAPE
logos/741.jpg,MINOTAUR
logos/742.jpg,STORMWARRIOR
logos/746.png,XENTRIX
logos/748.jpg,SILENT FORCE
logos/755.jpg,DOMINE
logos/756.gif,OSTROGOTH
logos/759.jpg,WOLF
logos/760.jpg,HOLOCAUST
logos/763.jpg,CHURCH OF MISERY
logos/766.jpg,TIERRA SANTA
logos/767.jpg,WARHAMMER
logos/768.jpg,CRYSTAL BALL
logos/770.png,GORGOROTH
logos/771.jpg,EIDOLON
logos/772.png,ANCIENT
logos/774.jpg,SATAN
logos/776.jpg,NO RETURN
logos/777.jpg,NOCTUARY
logos/779.jpg,PAIN
logos/780.png,CLOVEN HOOF
logos/782.jpg,ONSLAUGHT
logos/786.jpg,WARRIOR
logos/787.jpg,DBC
logos/790.jpg,SUSPERIA
logos/793.jpg,HECATE ENTHRONED
logos/794.jpg,OLD FOREST
logos/799.png,PIG DESTROYER
logos/800.gif,TT QUICK
logos/808.jpg,BLOOD RED THRONE
logos/812.jpg,TAD MOROSE
logos/817.jpg,NIGHT IN GALES
logos/840.gif,MENTAL HORROR
logos/845.gif,WILLOW WISP
logos/847.gif,FLESHCRAWL
logos/852.jpg,SHADOWKEEP
logos/855.jpg,ARKHON INFAUSTUS
logos/859.png,TIAMAT
logos/862.jpg,LIMBONIC ART
logos/867.jpg,OPERA IX
logos/872.jpg,DREAM DEATH
logos/874.jpg,INQUISICION
logos/881.png,PSYCHOTIC WALTZ
logos/885.jpg,INCANTATION
logos/886.jpg,NEW EDEN
logos/887.png,KATAKLYSM
logos/889.png,ROOT
logos/890.jpg,BULLDOZER
logos/892.png,SEPTICFLESH
logos/893.jpg,MONSTROSITY
logos/900.jpg,RAGE
logos/902.jpg,WHITE SKULL
logos/903.png,SQUEALER
logos/904.jpg,SVARTAHRID
logos/907.gif,MESSIAH
logos/908.jpg,SACRAMENTUM
logos/909.jpg,SINNER
logos/910.jpg,CEPHALIC CARNAGE
logos/913.jpg,WARRANT
logos/914.png,POSSESSED
logos/916.jpg,DECREPIT BIRTH
logos/919.jpg,BLACK MAJESTY
logos/922.gif,AETERNUS
logos/928.jpg,NECRONOMICON
logos/932.jpg,MARTIRE
logos/933.gif,MASACRE
logos/935.jpg,AGATUS
logos/940.gif,HEIR APPARENT
logos/941.gif,HADES
logos/944.jpg,LOUDBLAST
logos/947.jpg,HADES ALMIGHTY
logos/948.gif,VERMETH
logos/959.jpg,SUICIDAL TENDENCIES
logos/964.jpg,FORSAKEN
logos/967.jpg,REBELLION
logos/971.jpg,BEWITCHED
logos/976.jpg,MANIAC BUTCHER
logos/981.jpg,DEKAPITATOR
logos/984.jpg,MANTICORA
logos/985.gif,MANEGARM
logos/987.jpg,PERSUADER
logos/988.jpg,CLANDESTINE BLAZE
logos/991.png,KRIEG
logos/993.jpg,TUATHA DE DANANN
logos/1017.jpg,ELEND
logos/1018.jpg,FLEURETY
logos/1019.jpg,GRAVEWORM
logos/1020.jpg,GRAVE
logos/1022.jpg,TERRORIZER
logos/1024.jpg,VESPERIAN SORROW
logos/1028.jpg,RAKOTH
logos/1029.jpg,PRIMAL FEAR
logos/1034.png,POEMA ARCANVS
logos/1036.png,DERANGED
logos/1041.jpg,MALLEUS MALEFICARUM
logos/1043.jpg,HATEPLOW
logos/1046.jpg,EXTREME NOISE TERROR
logos/1047.png,THORNSPAWN
logos/1050.png,NIGHTFALL
logos/1052.png,LORD BELIAL
logos/1056.jpg,IMAGO MORTIS
logos/1057.jpg,FINAL BREATH
logos/1058.png,JASAD
logos/1062.jpg,KORZUS
logos/1066.png,ABIGOR
logos/1067.png,SIX FEET UNDER
logos/1068.jpg,LABYRINTH
logos/1069.jpg,SECRET SPHERE
logos/1071.png,FALKENBACH
logos/1076.gif,DROWNING
logos/1083.jpg,AZRAEL
logos/1085.png,OHTAR
logos/1086.jpg,SPEAR OF LONGINUS
logos/1092.jpg,JOYLESS
logos/1093.png,TANGORODRIM
logos/1094.jpg,JUNGLE ROT
logos/1096.jpg,KULT OV AZAZEL
logos/1103.png,EXCITER
logos/1109.jpg,THOU ART LORD
logos/1111.png,DEATH SS
logos/1113.jpg,STORMWITCH
logos/1116.gif,DECORYAH
logos/1120.png,REPULSION
logos/1121.jpg,WIGRID
logos/1122.jpg,BETHLEHEM
logos/1123.png,WRATH
logos/1124.png,GORGUTS
logos/1129.jpg,RAVEN
logos/1130.jpg,LEATHERWOLF
logos/1134.gif,MYRKSKOG
logos/1138.jpg,CORPUS CHRISTII
logos/1141.png,BLASPHEMY
logos/1146.jpg,FERMENTO
logos/1149.jpg,PYOGENESIS
logos/1152.jpg,CATASEXUAL URGE MOTIVATION
logos/1155.png,ASHEN LIGHT
logos/1156.jpg,CASTRUM
logos/1160.jpg,THE FORSAKEN
logos/1162.jpg,DREAM EVIL
logos/1172.jpg,HEXX
logos/1173.jpg,LIVIDITY
logos/1174.jpg,EPHELES
logos/1178.png,DEEP PURPLE
logos/1187.jpg,THE STORYTELLER
logos/1190.jpg,POKOLGEP
logos/1194.jpg,SHAPE OF DESPAIR
logos/1196.jpg,VIKING
logos/1199.jpg,ATTACK
logos/1203.jpg,ABROGATION
logos/1212.gif,OBSESSION
logos/1214.jpg,FIFTH ANGEL
logos/1221.jpg,HERETIC
logos/1222.jpg,ILLDISPOSED
logos/1232.jpg,EVILDEAD
logos/1234.jpg,OSSIAN
logos/1236.jpg,TRAIL OF TEARS
logos/1238.jpg,INFERNAL MAJESTY
logos/1241.jpg,FOREST OF SHADOWS
logos/1248.jpg,WINDS
logos/1249.jpg,FREDRIK THORDENDALS SPECIAL DEFECTS
logos/1255.jpg,CENOTAPH
logos/1256.jpg,COFFIN TEXTS
logos/1260.jpg,SAVAGE GRACE
logos/1263.png,CEREMONIAL OATH
logos/1264.jpg,NECROMANCIA
logos/1267.jpg,ZERO HOUR
logos/1270.png,VASTATOR
logos/1271.jpg,PANZER
logos/1274.jpg,NOCTURNAL BREED
logos/1277.jpg,BYFIST
logos/1281.jpg,TERROR
logos/1282.png,ABIGAIL
logos/1283.jpg,ALL THAT REMAINS
logos/1284.jpg,HELLWITCH
logos/1286.gif,THE ACCUSED
logos/1290.jpg,ABAZAGORATH
logos/1293.jpg,TOXIK
logos/1295.png,VARATHRON
logos/1314.png,ANAAL NATHRAKH
logos/1321.jpg,F K U
logos/1335.jpg,PLACE OF SKULLS
logos/1336.gif,FAUSTCOVEN
logos/1347.jpg,BRUJERIA
logos/1348.jpg,ROTOR
logos/1349.jpg,GONTYNA KRY
logos/1350.jpg,NECROPHOBIC
logos/1355.jpg,DYSRHYTHMIA
logos/1356.jpg,RED GIANT
logos/1357.jpg,SATARIEL
logos/1362.gif,OPEN GRAVE
logos/1365.png,CORPSEFUCKING ART
logos/1366.jpg,ABUSE
logos/1367.jpg,SEVERED REMAINS
logos/1375.jpg,FREAK KITCHEN
logos/1378.gif,TULUS
logos/1381.jpg,MR BUNGLE
logos/1383.gif,FANTOMAS
logos/1388.png,EVERGREY
logos/1390.jpg,TROLL
logos/1393.jpg,SIRENIA
logos/1394.jpg,VISION DIVINE
logos/1395.jpg,PISSING RAZORS
logos/1400.jpg,VANDEN PLAS
logos/1402.jpg,FOZZY
logos/1403.jpg,VINTERLAND
logos/1405.jpg,TRISTITIA
logos/1410.jpg,NECRONOMICON
logos/1411.jpg,SHADOW GALLERY
logos/1414.jpg,DEFYANCE
logos/1420.jpg,ANONYMUS
logos/1425.jpg,GOLDEN DAWN
logos/1427.jpg,AYREON
logos/1430.jpg,MORK GRYNING
logos/1433.gif,HEAVENLY
logos/1435.jpg,TITAN FORCE
logos/1441.gif,HALLOWEEN
logos/1444.png,TOKYO BLADE
logos/1450.jpg,HITTMAN
logos/1452.jpg,LONEWOLF
logos/1455.png,DAWN
logos/1459.jpg,DARKWELL
logos/1460.jpg,SATANS HOST
logos/1464.jpg,JAGUAR
logos/1470.jpg,SADISTIC INTENT
logos/1474.jpg,MANIPULATED SLAVES
logos/1480.jpg,DESPAIR
logos/1485.jpg,ANIALATOR
logos/1491.jpg,INTRUDER
logos/1504.jpg,NIGHTINGALE
logos/1506.jpg,GIRLSCHOOL
logos/1508.jpg,NOMINON
logos/1511.jpg,POVERTYS NO CRIME
logos/1529.jpg,EXUMER
logos/1539.jpg,NUCLEAR SIMPHONY
logos/1545.jpg,AT VANCE
logos/1546.jpg,MYSTIK
logos/1549.jpg,TRAUMA
logos/1550.jpg,HATESPHERE
logos/1557.jpg,AARNI
logos/1562.jpg,JUGGERNAUT
logos/1570.jpg,EXXPLORER
logos/1579.png,WALLOP
logos/1603.jpg,MIND ODYSSEY
logos/1606.jpg,PYRACANDA
logos/1613.jpg,STILLBORN
logos/1617.jpg,HIRAX
logos/1618.jpg,SKYLARK
logos/1621.jpg,ASHES YOU LEAVE
logos/1624.png,EYEHATEGOD
logos/1625.jpg,MORDRED
logos/1628.jpg,GLACIER
logos/1633.jpg,TYTAN
logos/1644.jpg,KILLER
logos/1650.jpg,TURISAS
logos/1651.jpg,GOAT OF MENDES
logos/1653.jpg,PSYCO DRAMA
logos/1657.png,SKID ROW
logos/1659.jpg,TRUST
logos/1660.jpg,CATHARSIS
logos/1682.jpg,MARTY FRIEDMAN
logos/1683.jpg,THE RODS
logos/1687.jpg,QUARTZ
logos/1688.jpg,GASKIN
logos/1690.jpg,THE OBSESSED
logos/1691.jpg,DARK ORDER
logos/1692.jpg,ZED YAGO
logos/1702.png,MELVINS
logos/1703.jpg,ORANGE GOBLIN
logos/1709.jpg,QUIET RIOT
logos/1713.jpg,VELVET VIPER
logos/1720.jpg,SHAMAN
logos/1721.gif,DRAKKAR
logos/1727.jpg,MARTYR
logos/1728.png,THE JELLY JAM
logos/1740.jpg,ANIHILATED
logos/1744.jpg,DAGORLAD
logos/1747.jpg,PICTURE
logos/1748.jpg,POLTERGEIST
logos/1749.jpg,PROTECTOR
logos/1752.jpg,APOCALYPTICA
logos/1758.jpg,SEVENTH ANGEL
logos/1764.jpg,TALON
logos/1765.jpg,ALAKRAN
logos/1769.jpg,VULCANO
logos/1771.jpg,IMMORTAL SOULS
logos/1772.gif,MURO
logos/1776.jpg,JOEY TAFOLLA
logos/1781.jpg,VORTEX
logos/1797.jpg,SPARTAN WARRIOR
logos/1804.jpg,MILITIA
logos/1807.jpg,LORD
logos/1832.jpg,VENGEANCE
logos/1843.jpg,EDENBRIDGE
logos/1844.jpg,OMEN
logos/1866.png,HEATHENS RAGE
logos/1871.png,RUTHLESS
logos/1875.png,TAIST OF IRON
logos/1876.jpg,THRUST
logos/1884.jpg,KALAPACS
logos/1885.jpg,LORD WIND
logos/1886.jpg,PARALEX
logos/1894.jpg,SLAUTER XSTROYES
logos/1896.jpg,TYSONDOG
logos/1900.jpg,ABOMINATOR
logos/1917.jpg,AFTERSHOK
logos/1919.jpg,STEEL VENGEANCE
logos/1923.jpg,AGGRESSION
logos/1926.jpg,CRUELLA
logos/1935.gif,PINK CREAM
logos/1937.jpg,SOOTHSAYER
logos/1943.jpg,SIKFUK
logos/1947.jpg,NECROTORTURE
logos/1949.jpg,SEVERANCE
logos/1952.jpg,BELPHEGOR
logos/1954.jpg,DEMONIC CHRIST
logos/1956.jpg,INFECTED FLESH
logos/1957.jpg,KILLING ADDICTION
logos/1985.jpg,AVENGER
logos/2000.jpg,DRAGONLAND
logos/2005.gif,AXEMASTER
logos/2008.jpg,TARAMIS
logos/2010.jpg,HEADHUNTER D C
logos/2011.jpg,FATES PROPHECY
logos/2025.jpg,FIREWIND
logos/2028.jpg,MERCENARY
logos/2030.png,DRAGONHAMMER
logos/2031.gif,HUMAN FORTRESS
logos/2038.jpg,ZUCKUSS
logos/2039.jpg,CONCERTO MOON
logos/2040.jpg,GORATORY
logos/2044.png,MIASTHENIA
logos/2052.gif,AJATTARA
logos/2053.png,CRIMSON MOONLIGHT
logos/2055.jpg,FRETERNIA
logos/2057.jpg,GOATSNAKE
logos/2060.jpg,APOPHIS
logos/2064.jpg,AKERBELTZ
logos/2067.jpg,LUST OF DECAY
logos/2072.jpg,SEXTRASH
logos/2073.jpg,MYSTERIIS
logos/2084.jpg,RITUAL
logos/2091.png,CHAKAL
logos/2099.png,MAYFAIR
logos/2104.jpg,CIRITH GORGOR
logos/2107.jpg,NECRODEATH
logos/2123.jpg,SIECRIST
logos/2124.jpg,SIEGRID INGRID
logos/2129.gif,DARZAMAT
logos/2131.png,GLOOMY GRIM
logos/2137.jpg,FEARER
logos/2139.jpg,GROG
logos/2142.jpg,HYPOKRAS
logos/2143.jpg,RAGNAROK
logos/2146.png,MEMORY GARDEN
logos/2150.jpg,X JAPAN
logos/2151.jpg,ANTROPOFAGUS
logos/2155.png,GEHENNA
logos/2157.jpg,SCATTERED REMNANTS
logos/2160.jpg,PYORRHOEA
logos/2170.jpg,ANTAEUS
logos/2175.jpg,PROFANATICA
logos/2177.jpg,DEMONCY
logos/2180.jpg,HARMONY DIES
logos/2183.jpg,TYPHOID
logos/2185.jpg,DISGORGE
logos/2186.jpg,BIRDFLESH
logos/2189.jpg,VIOLENT FORCE
logos/2210.jpg,KINGCROW
logos/2215.jpg,BURIAL
logos/2216.jpg,DEFILED
logos/2219.jpg,GORETRADE
logos/2222.png,DARK FURY
logos/2224.jpg,AKITSA
logos/2236.jpg,KATAXU
logos/2242.jpg,OBSIDIAN GATE
logos/2243.jpg,MORGUE SUPPLIER
logos/2244.jpg,BLOOD OF CHRIST
logos/2252.jpg,KONKHRA
logos/2256.gif,SHINING
logos/2273.jpg,BURNING POINT
logos/2277.jpg,STAR ONE
logos/2280.jpg,HORIZONS END
logos/2282.jpg,THUNDERSTONE
logos/2284.jpg,PUSTULATED
logos/2289.jpg,DRAGONFORCE
logos/2294.jpg,ROUGH SILK
logos/2296.jpg,A CANOROUS QUINTET
logos/2299.jpg,ABADDON INCARNATE
logos/2309.png,ORPHANED LAND
logos/2316.jpg,ABDUNOR
logos/2326.jpg,KENZINER
logos/2329.jpg,EYEFEAR
logos/2330.jpg,WITCHHAMMER
logos/2332.png,INSOMNIUM
logos/2336.jpg,CELESTIAL SEASON
logos/2337.png,OCTOBER TIDE
logos/2341.jpg,IN AETERNUM
logos/2342.png,AZAGHAL
logos/2345.gif,EMPYRIUM
logos/2352.jpg,ALARUM
logos/2357.jpg,CRYONIC TEMPLE
logos/2362.jpg,DUKE
logos/2368.jpg,BARATHRUM
logos/2371.gif,BLUT AUS NORD
logos/2374.jpg,DORNENREICH
logos/2377.jpg,SILENT CRY
logos/2378.jpg,ISVIND
logos/2381.jpg,GOATWHORE
logos/2385.jpg,CHRIST AGONY
logos/2388.jpg,INJECTED SUFFERAGE
logos/2392.png,EISREGEN
logos/2395.jpg,OXIDISED RAZOR
logos/2402.jpg,GOLGOTHA
logos/2404.jpg,ABABIL
logos/2408.jpg,HELHEIM
logos/2411.jpg,DELIRIUM TREMENS
logos/2417.png,MISERY INDEX
logos/2420.jpg,GOD MACABRE
logos/2422.jpg,ACCIDENTAL SUICIDE
logos/2428.jpg,REINFECTION
logos/2430.jpg,LENG TCHE
logos/2435.jpg,CICATRIX
logos/2440.jpg,DISINFECTED
logos/2441.jpg,CARNAL DIAFRAGMA
logos/2443.png,LAKE OF TEARS
logos/2445.jpg,ALGAION
logos/2457.jpg,LAST WARNING
logos/2502.jpg,DARK QUARTERER
logos/2503.jpg,GHOULUNATICS
logos/2506.jpg,DAWN OF WINTER
logos/2507.jpg,SERPENTOR
logos/2509.jpg,LAS CRUCES
logos/2511.jpg,SIKSAKUBUR
logos/2517.jpg,OFFICIUM TRISTE
logos/2518.gif,GORY BLISTER
logos/2519.jpg,SEANCE
logos/2524.jpg,WITCHBLADE
logos/2531.png,SOLSTICE
logos/2532.jpg,MYTHOLOGICAL COLD TOWERS
logos/2535.jpg,MORDETH
logos/2539.jpg,DESTINY
logos/2542.gif,DETHRONE
logos/2546.jpg,DRAGON
logos/2547.gif,ELIXIR
logos/2549.gif,ENCHANTMENT
logos/2555.jpg,AGONY LORDS
logos/2556.gif,HAEMORRHAGE
logos/2561.jpg,AUTUMNAL
logos/2562.jpg,LYCANTHIA
logos/2563.jpg,MADDER MORTEM
logos/2584.jpg,FURIOUS TRAUMA
logos/2602.jpg,KREYSON
logos/2615.jpg,VRYKOLAKAS
logos/2622.jpg,XYSMA
logos/2637.png,VANEXA
logos/2649.jpg,AGATHOCLES
logos/2656.jpg,S D I
logos/2679.jpg,PREYER
logos/2682.jpg,PHLEBOTOMIZED
logos/2697.jpg,CELESTY
logos/2707.gif,AKERCOCKE
logos/2717.png,INTENSE HAMMER RAGE
logos/2722.jpg,WYVERN
logos/2725.jpg,THIRDMOON
logos/2727.gif,NIGHTMARE
logos/2733.jpg,INGURGITATE
logos/2734.jpg,SQUASH BOWELS
logos/2737.jpg,A R G
logos/2744.jpg,BETRAYER
logos/2750.jpg,HATE
logos/2753.jpg,HEIMDALL
logos/2756.jpg,LOCK UP
logos/2759.jpg,HIGHLORD
logos/2760.jpg,CRYPT OF KERBEROS
logos/2779.jpg,KALEDON
logos/2782.png,BLACK WITCHERY
logos/2801.jpg,PHARAOH
logos/2807.jpg,SAURON
logos/2809.jpg,DAYLIGHT DIES
logos/2817.jpg,SIX MAGICS
logos/2824.png,MOURNFUL CONGREGATION
logos/2829.jpg,MALICIA
logos/2832.jpg,MESSIAHS KISS
logos/2840.jpg,CATTLE DECAPITATION
logos/2843.jpg,SALACIOUS GODS
logos/2845.png,KEEP OF KALESSIN
logos/2850.jpg,ANASARCA
logos/2854.jpg,FUNERAL MIST
logos/2864.jpg,PANZERCHRIST
logos/2877.jpg,DANGER ZONE
logos/2880.jpg,ENERTIA
logos/2907.jpg,DEFECATION
logos/2912.jpg,NAZXUL
logos/2923.jpg,STORMHAMMER
logos/2924.jpg,SARACEN
logos/2925.jpg,GRENADE
logos/2927.png,ROTTEN SOUND
logos/2936.jpg,STEAMROLLER ASSAULT
logos/2942.jpg,STARGAZER
logos/2946.jpg,MACBETH
logos/2976.jpg,LORDI
logos/2988.jpg,ENGORGED
logos/2991.jpg,BELENOS
logos/2996.jpg,NYDVIND
logos/2999.jpg,DESTRUKTOR
logos/3010.jpg,HEAVEN SHALL BURN
logos/3015.jpg,HARD TIME
logos/3034.jpg,UNANIMATED
logos/3044.gif,ANTAGONY
logos/3045.png,CADAVERIA
logos/3048.png,ANTESTOR
logos/3049.jpg,ANTROPOMORPHIA
logos/3059.jpg,ARALLU
logos/3060.gif,ARATHORN
logos/3066.jpg,NUMEN
logos/3070.jpg,GEHENNAH
logos/3072.jpg,DEVOLVED
logos/3073.jpg,AGRO
logos/3089.jpg,PAGANS MIND
logos/3100.png,JORN
logos/3103.jpg,INSANIA
logos/3104.png,PHOBIA
logos/3108.jpg,GODLESS TRUTH
logos/3110.jpg,INGROWING
logos/3111.jpg,POWER QUEST
logos/3112.jpg,INHUMATE
logos/3118.jpg,TNT
logos/3123.jpg,MYSTIC PROPHECY
logos/3129.jpg,SKANNERS
logos/3145.jpg,SACRILEGE
logos/3146.jpg,PROUD
logos/3148.jpg,POSTMORTEM
logos/3169.jpg,VORPHALACK
logos/3175.gif,GRIEF OF EMERALD
logos/3179.jpg,DIM MAK
logos/3191.jpg,ANDRAS
logos/3195.jpg,ARGHOSLENT
logos/3197.jpg,ARKONA
logos/3207.jpg,METSATOLL
logos/3209.jpg,AZAZEL
logos/3213.jpg,SOLSTAFIR
logos/3218.jpg,MENHIR
logos/3221.jpg,BROKEN HOPE
logos/3222.jpg,NEGATIVE PLANE
logos/3228.jpg,BLODSRIT
logos/3231.jpg,HORNA
logos/3232.png,KAMPFAR
logos/3240.gif,SORHIN
logos/3243.jpg,FROSTMOON ECLIPSE
logos/3247.jpg,SVARTSYN
logos/3252.jpg,DRAGONHEART
logos/3253.jpg,BLOOD RITUAL
logos/3255.gif,ETERNA
logos/3279.jpg,ARACHNES
logos/3280.gif,DIES IRAE
logos/3282.jpg,DRAIN OF IMPURITY
logos/3288.gif,LYMPHATIC PHLEGM
logos/3295.png,MALIGNANT TUMOUR
logos/3300.gif,CHRIST DENIED
logos/3301.jpg,ALASTOR SANGUINARY EMBRYO
logos/3309.gif,FOREST STREAM
logos/3316.jpg,NODE
logos/3317.png,SOUL DEMISE
logos/3329.jpg,SCEPTIC
logos/3336.jpg,ARCANA XXII
logos/3348.jpg,ADUMUS
logos/3349.jpg,AKERBELTZ
logos/3370.gif,PAGANIZER
logos/3371.jpg,SKINNED
logos/3375.png,TU CARNE
logos/3381.jpg,CADAVEROUS CONDITION
logos/3400.jpg,CRYING STEEL
logos/3407.png,DARKWOODS MY BETROTHED
logos/3411.jpg,TRUE BLACK DAWN
logos/3427.jpg,DEPRESSION
logos/3432.jpg,FACE TO FACE
logos/3438.jpg,FUNERAL
logos/3441.jpg,AS SAHAR
logos/3451.jpg,INCUBATOR
logos/3473.jpg,AMEN CORNER
logos/3483.jpg,WEEPING BIRTH
logos/3484.jpg,DARKEST HOUR
logos/3485.jpg,MIRRORTHRONE
logos/3497.jpg,MOON OF STEEL
logos/3500.jpg,INTESTINAL DISGORGE
logos/3508.jpg,I N R I
logos/3517.png,ANARCHUS
logos/3519.jpg,BELZABET
logos/3532.gif,VALHALL
logos/3536.jpg,TURBO
logos/3540.jpg,SATURNUS
logos/3545.png,DRAWN AND QUARTERED
logos/3546.jpg,EMBALMER
logos/3552.jpg,THUS DEFILED
logos/3556.gif,CADUCITY
logos/3563.jpg,WYRD
logos/3576.gif,KARKADAN
logos/3578.jpg,TOXIC HOLOCAUST
logos/3579.jpg,TRAUMA
logos/3583.jpg,IMPIETY
logos/3596.jpg,SERIAL BUTCHER
logos/3598.jpg,IMPURITY
logos/3600.jpg,INFERNAL DOMINION
logos/3601.png,MISERY LOVES CO
logos/3610.jpg,DEAMON
logos/3619.jpg,INCINERATE
logos/3622.gif,DETERIOROT
logos/3633.jpg,UNHOLY MATRIMONY
logos/3636.jpg,IMMORTAL POSSESSION
logos/3646.jpg,SPEED LIMIT
logos/3664.jpg,VOID OF SILENCE
logos/3666.png,DRACONIAN
logos/3668.jpg,END MY SORROW
logos/3675.jpg,INVASION
logos/3686.jpg,AVERNO
logos/3691.jpg,ATANAB
logos/3693.jpg,INHUME
logos/3700.jpg,EXPLODING ZOMBIES
logos/3703.jpg,ADIMIRON
logos/3705.jpg,DIVINE EVE
logos/3706.jpg,AUTUMNBLAZE
logos/3712.jpg,ION VEIN
logos/3717.gif,BALTAK
logos/3718.jpg,XANDRIA
logos/3720.png,HEAVENS CRY
logos/3730.jpg,BURDEN OF GRIEF
logos/3742.jpg,PSICORRAGIA
logos/3747.jpg,ATMAN
logos/3749.gif,BEAST PETRIFY
logos/3752.png,BENIGHTED
logos/3761.jpg,FINAL CRY
logos/3762.jpg,HEAVEN GREY
logos/3770.gif,NORTHWINDS
logos/3779.jpg,BURNING IN HELL
logos/3803.jpg,SOULBURN
logos/3813.jpg,HIBRIA
logos/3832.jpg,RESURRECTURIS
logos/3840.jpg,DISBELIEF
logos/3844.jpg,SILVER MOUNTAIN
logos/3847.jpg,DEHYDRATED
logos/3850.jpg,BETWEEN THE FROST
logos/3855.png,LEFT HAND SOLUTION
logos/3856.jpg,THE BISHOP OF HEXEN
logos/3879.jpg,FUNERAL WINDS
logos/3910.jpg,ODYSSEY
logos/3920.png,KAOS
logos/3926.png,DYING PASSION
logos/3927.jpg,DECEMBERANCE
logos/3928.jpg,MOURNING BELOVETH
logos/3929.jpg,BOWEL STEW
logos/3938.jpg,RAVEN WOODS
logos/3957.jpg,BEDEMON
logos/3961.jpg,UNSILENCE
logos/3962.jpg,TOTAL DEATH
logos/3976.jpg,SORCIER DES GLACES
logos/3978.jpg,ALTAR OF PERVERSION
logos/3980.jpg,AMESTIGON
logos/3985.jpg,WORMED
logos/3987.png,ANGANTYR
logos/3989.jpg,ANGRENOST
logos/3994.jpg,ARMAGEDDA
logos/3996.jpg,ARS MACABRA
logos/3998.jpg,ARUM
logos/4006.jpg,SOL EVIL
logos/4007.jpg,DIVINE REGALE
logos/4009.jpg,HYADES
logos/4019.jpg,METAL MESSIAH
logos/4024.jpg,FROSTMOON
logos/4031.jpg,BASILISK
logos/4036.jpg,BLACK FUNERAL
logos/4039.jpg,BLACK MESSIAH
logos/4052.jpg,INFESTED BLOOD
logos/4079.jpg,JERRY CANTRELL
logos/4083.gif,MYRIADS
logos/4090.gif,EPICEDIUM
logos/4098.png,AUTUMN TEARS
logos/4102.jpg,GOTMOOR
logos/4109.jpg,ARREST
logos/4125.jpg,DAMIEN STORM
logos/4135.jpg,IMMERSED IN BLOOD
logos/4144.jpg,ANKHARA
logos/4156.jpg,SKYLINER
logos/4157.jpg,CHASTAIN
logos/4162.jpg,VAINGLORY
logos/4164.jpg,HYPERBOREAN
logos/4166.gif,TENEBRARUM
logos/4168.jpg,THY PAIN
logos/4189.jpg,ORDER OF THE EBON HAND
logos/4191.gif,NAER MATARON
logos/4200.jpg,ENSHADOWED
logos/4201.jpg,DYSANCHELY
logos/4203.jpg,GALADRIEL
logos/4204.jpg,MORGAIN
logos/4217.gif,PSYPHERIA
logos/4220.png,DORO
logos/4224.jpg,CALES
logos/4228.jpg,CARCARIASS
logos/4231.gif,DYING EMBRACE
logos/4232.jpg,XIBALBA ITZAES
logos/4234.jpg,MORTEM
logos/4237.jpg,DEATHSPELL OMEGA
logos/4238.jpg,PRIMIGENIUM
logos/4239.png,BARBATOS
logos/4243.jpeg,KAT
logos/4244.gif,WORSHIP
logos/4250.png,HAVOHEJ
logos/4251.jpg,CARDIAC NECROPSY
logos/4253.jpg,NECROTIC CHAOS
logos/4263.jpg,CONFESSOR
logos/4264.jpg,FLAME
logos/4267.gif,DEATHCHAIN
logos/4268.jpg,WINTERWOLF
logos/4273.png,IMPERATOR
logos/4277.jpg,DOOMED AND DISGUSTING
logos/4278.jpg,DEVILRY
logos/4282.jpg,AGONY
logos/4284.jpg,EXPOSE YOUR HATE
logos/4285.png,PENTAGRAM CHILE
logos/4287.jpg,WITCHMASTER
logos/4296.jpg,CIANIDE
logos/4297.jpg,MORBOSIDAD
logos/4301.jpg,MUSTA SURMA
logos/4304.jpg,OBSECRATION
logos/4314.jpg,DEPRECATED
logos/4330.jpg,SOUL SACRIFICE
logos/4353.gif,BLACK CRUCIFIXION
logos/4357.jpg,ARCHGOAT
logos/4369.jpg,FLESHGORE
logos/4372.jpg,PIGSTY
logos/4375.jpg,PLASMA
logos/4379.png,CENOTAPH
logos/4384.jpg,CEREBRAL EFFUSION
logos/4387.png,ATOMIC AGGRESSOR
logos/4392.jpg,GRAVFERD
logos/4411.jpg,PANZER
logos/4417.jpg,HIDEOUS MANGLEUS
logos/4423.jpg,FORGOTTEN SILENCE
logos/4424.jpg,KAVIAR KAVALIER
logos/4429.jpg,KEVLAR SKIN
logos/4431.jpg,NIGHTRAGE
logos/4477.jpg,ANCIENT GODS
logos/4478.jpg,ANTIGAMA
logos/4483.jpg,CATHETER
logos/4500.jpg,LAWNMOWER DETH
logos/4512.jpg,THE CLAYMORE
logos/4518.gif,MANIGANCE
logos/4520.png,HEAVENWOOD
logos/4534.png,LOCH VOSTOK
logos/4544.jpg,NORDHEIM
logos/4547.jpg,SEBASTIAN BACH
logos/4553.gif,PERVERSITY
logos/4558.jpg,CORPUS MORTALE
logos/4567.gif,SUFFERAGE
logos/4571.jpg,BAPTISM
logos/4572.jpg,ILIUM
logos/4573.gif,SYMPATHY
logos/4584.gif,SPANCER
logos/4594.png,CREST OF DARKNESS
logos/4600.jpg,DARK HORIZON
logos/4607.jpg,CRIMSON MOON
logos/4612.jpg,CRUCIFIER
logos/4614.jpg,AMOEBIC DYSENTERY
logos/4617.jpg,BLOCKHEADS
logos/4618.png,CRUSHER
logos/4626.jpg,DEAD
logos/4629.jpg,DEPRAVED
logos/4641.jpg,SANATORIUM
logos/4650.jpg,CRYPTIC
logos/4651.jpg,MOR DAGOR
logos/4658.jpg,SKITZO
logos/4662.jpg,IMPRECATION
logos/4665.gif,RED HARVEST
logos/4667.jpg,ORDEN OGAN
logos/4672.jpg,ACUTOR
logos/4699.jpg,CYANOSIS
logos/4702.jpg,WARPATH
logos/4706.jpg,HOLOCAUSTO CANIBAL
logos/4708.jpg,SAMMATH
logos/4710.jpg,SOURVEIN
logos/4713.jpg,UNHOLY MASSACRE
logos/4722.jpg,PAGAN HELLFIRE
logos/4735.png,ETERNAL LIES
logos/4748.gif,AXENSTAR
logos/4765.jpg,CURSE
logos/4791.jpg,SHADOWS OF STEEL
logos/4793.jpg,SUICIDAL WINDS
logos/4795.jpg,BESATT
logos/4806.jpg,HELL BORN
logos/4814.png,VORE
logos/4816.jpg,ETERNAL MAJESTY
logos/4823.jpg,BLEEDING DISPLAY
logos/4829.jpg,UNGOD
logos/4838.jpg,VIDSYN
logos/4861.png,ULCERATE
logos/4865.gif,TERATISM
logos/4868.gif,FLEGETHON
logos/4875.gif,DEATH THRASHERS KUOPIO
logos/4883.png,MYSTICUM
logos/4886.jpg,CENTURIAS
logos/4887.jpg,VOLKANA
logos/4894.jpg,BATTLESWORD
logos/4901.jpg,GRUESOME MALADY
logos/4909.jpg,INFECTION CODE
logos/4921.jpg,DAVIDIAN
logos/4931.jpg,TEMPLE OF BAAL
logos/4943.gif,ASMODEUS
logos/4958.jpg,RUDRA
logos/4967.jpg,INFESTUM
logos/4968.gif,MANIC DEPRESSION
logos/4978.jpg,AGAMENDON
logos/4980.jpg,NOCTE OBDUCTA
logos/4988.jpg,DEATH STRIKE
logos/4990.jpg,OSCULUM INFAME
logos/4991.png,INTENSE
logos/5010.jpg,SAVIOUR MACHINE
logos/5011.jpg,ROSSOMAHAAR
logos/5014.jpg,ICE AGES
logos/5021.jpg,ATHANOR
logos/5037.gif,FORGOTTEN TOMB
logos/5040.jpg,INFERNAL GOAT
logos/5041.jpg,MYSTICAL FULLMOON
logos/5044.png,THEATRES DES VAMPIRES
logos/5063.jpg,TSATTHOGGUA
logos/5076.jpg,RESUSCITATION
logos/5092.jpg,SKELATOR
logos/5094.jpg,NATRON
logos/5102.gif,JOE STUMP
logos/5120.jpg,BATTLEAXE
logos/5124.gif,DOYKOD
logos/5125.jpg,ANDRALLS
logos/5127.jpg,BLASTHRASH
logos/5130.jpg,SANGRENA
logos/5131.gif,OLIGARQUIA
logos/5132.jpg,ANTIDEMON
logos/5155.png,VRAG
logos/5161.jpg,ON THORNS I LAY
logos/5164.jpg,VHALDEMAR
logos/5165.gif,MINDFLAIR
logos/5168.jpg,GOAT SEMEN
logos/5177.png,ASTATHICA
logos/5192.jpg,GRABAK
logos/5195.jpg,THE ELYSIAN FIELDS
logos/5213.gif,THE EQUINOX OV THE GODS
logos/5218.jpg,NECROMASS
logos/5222.jpg,SKEPTICISM
logos/5225.gif,OLEMUS
logos/5226.jpg,ONHEIL
logos/5228.jpg,HEIDENLAND
logos/5242.jpg,EVIL
logos/5245.jpg,ETERNAL GRAY
logos/5252.png,DROTTNAR
logos/5266.jpg,SOUL EMBRACED
logos/5269.png,UNEARTH
logos/5274.jpg,AUDIOPAIN
logos/5283.jpg,YYRKOON
logos/5284.jpg,DISARMONIA MUNDI
logos/5289.png,TERROR SQUAD
logos/5291.jpg,DEMON DAGGER
logos/5304.jpg,EVEN VAST
logos/5314.jpg,EXOUSIA
logos/5322.gif,DARK DIAMONDS
logos/5329.jpg,TO DIE FOR
logos/5336.png,BLACK FLAME
logos/5343.jpg,LEGION OF DOOM
logos/5356.gif,BITCH
logos/5366.png,ELEGEION
logos/5369.jpg,AIRBORN
logos/5385.gif,SUMMON
logos/5388.png,DARK FORTRESS
logos/5389.jpg,IMPERIOUS MALEVOLENCE
logos/5396.jpg,INSANITY REIGNS SUPREME
logos/5400.jpg,SEVEN ANGELS
logos/5403.png,CROSS BORNS
logos/5413.jpg,DEADLOCK
logos/5414.jpg,DISLOYAL
logos/5431.jpg,VALPURGA
logos/5450.png,THE BLACK DAHLIA MURDER
logos/5459.jpg,DEAD HEAD
logos/5460.png,DAEMUSINEM
logos/5471.png,PORTAL
logos/5478.jpg,LUGUBRUM
logos/5480.jpg,GREAT VAST FOREST
logos/5486.jpg,CAMOS
logos/5487.jpg,FINNUGOR
logos/5488.jpg,SHADOWSIDE
logos/5491.png,RITUAL
logos/5494.png,DESPISED ICON
logos/5495.jpg,DARK CELEBRATION
logos/5499.jpg,OCTINOMOS
logos/5503.jpg,TRANSATLANTIC
logos/5506.jpg,ARCHONTES
logos/5538.jpg,MACABRE OMEN
logos/5552.jpg,STONE
logos/5566.gif,DEFLORACE
logos/5567.jpg,DOMINUS XUL
logos/5568.jpg,PYRE
logos/5584.jpg,GEORGE BELLAS
logos/5586.jpg,IMAGO MORTIS
logos/5608.jpg,BLOOD CULT
logos/5609.jpg,ABYSMAL GATES
logos/5617.gif,BUD TRIBE
logos/5625.png,SPARZANZA
logos/5636.gif,HELMET
logos/5638.jpg,BLACK KNIGHT
logos/5646.jpg,EVIL INCARNATE
logos/5661.jpg,SOLUTION
logos/5662.jpg,HOLY MARTYR
logos/5663.jpg,IRON MONKEY
logos/5669.jpg,SORROWSTORM
logos/5685.png,INTELLECT DEVOURER
logos/5690.png,RAVENCULT
logos/5699.jpg,EVIL ANGEL
logos/5703.jpg,LUJURIA
logos/5708.jpg,CEREMONIAL CASTINGS
logos/5716.png,DECEM MALEFICIUM
logos/5721.jpg,ALTARIA
logos/5726.gif,EPICEDIUM
logos/5734.jpg,SHADOW HOST
logos/5736.jpg,BUTTERFLY TEMPLE
logos/5740.jpg,SATARIAL
logos/5761.jpg,OBLIGATORISK TORTYR
logos/5768.jpg,WHIP
logos/5779.jpg,THE CRUCIFIER
logos/5795.png,AVALANCH
logos/5804.png,ONKEL TOM ANGELRIPPER
logos/5810.jpg,INTESTINE BAALISM
logos/5818.jpg,ANAL VOMIT
logos/5819.png,ARSIS
logos/5824.jpg,DRAUGNIM
logos/5830.gif,ANTHENORA
logos/5835.jpg,FORGOTTEN
logos/5842.jpg,BENGAL TIGERS
logos/5845.jpg,EMPTINESS
logos/5858.jpg,NEMESIS
logos/5859.jpg,TORTURER
logos/5860.png,UNDERCROFT
logos/5886.jpg,JASON BECKER
logos/5891.jpg,ALKEMYST
logos/5892.jpg,EVOHE
logos/5906.jpg,SORCERER
logos/5951.jpg,AXEWITCH
logos/5953.jpg,PATRICK RONDAT
logos/5960.jpg,DESDOMINUS
logos/5964.jpg,HIGHLAND GLORY
logos/5965.jpg,WWIII
logos/5980.jpg,CORAM LETHE
logos/5993.jpg,USURPER
logos/6009.png,FROST LIKE ASHES
logos/6013.jpg,BLACKDEATH
logos/6039.jpg,INFERNAL TENEBRA
logos/6057.jpg,SPECTRAL
logos/6067.jpg,ONIRIK
logos/6117.jpg,CHESS
logos/6126.jpg,ATROX
logos/6139.jpg,CULT OF LUNA
logos/6140.jpg,GURD
logos/6142.jpg,MOOD
logos/6150.png,EWIGKEIT
logos/6172.jpg,GUNFIRE
logos/6178.jpg,STIGMATIC CHORUS
logos/6181.jpg,THRONEUM
logos/6190.gif,NOMANS LAND
logos/6191.jpg,FLESHPRESS
logos/6221.gif,SATANS ALMIGHTY PENIS
logos/6223.png,DIABOLICUM
logos/6227.jpg,RECUEIL MORBIDE
logos/6273.jpg,BURNING SHADOWS
logos/6284.jpg,CHRIS POLAND
logos/6302.jpg,MELTDOWN
logos/6305.jpg,UNSANCTIFIED
logos/6309.jpg,ZAKK WYLDE
logos/6310.png,BEHEXEN
logos/6321.jpg,MEMORAIN
logos/6367.jpg,UNHOLY ARCHANGEL
logos/6372.jpg,WARFARE
logos/6378.jpg,ARMORY
logos/6379.jpg,AFTERBIRTH
logos/6381.jpg,BLACK EMPIRE
logos/6396.jpg,LUNA AD NOCTUM
logos/6397.jpg,MOON
logos/6400.jpg,MISANTHROPY
logos/6405.gif,ZORN
logos/6408.jpg,REVENGE
logos/6412.gif,OBUS
logos/6413.jpg,AGLAROND
logos/6414.jpg,ZAMAK
logos/6418.png,DESTROYERS
logos/6425.gif,ALFA ERIDANO AKHERNAR
logos/6431.jpg,EIDYLLION
logos/6435.jpg,BELZEC
logos/6436.jpg,DISINTER
logos/6437.jpg,HOMICIDE HAGRIDDEN
logos/6447.png,SECRETS OF THE MOON
logos/6450.jpg,NIGHTLY GALE
logos/6451.png,EMBRAZE
logos/6456.jpg,DUSK
logos/6459.gif,NECROFROST
logos/6460.jpg,LAMENT
logos/6472.jpg,THORNAFIRE
logos/6479.jpg,MICHAEL ROMEO
logos/6491.jpg,UNAUSSPRECHLICHEN KULTEN
logos/6493.png,NAMELESS
logos/6494.gif,MORS PRINCIPIUM EST
logos/6506.jpg,BLACK ANGEL
logos/6518.jpg,EMPIRE
logos/6521.jpg,ALL MY SINS
logos/6526.png,IZEGRIM
logos/6554.jpg,LEVIATHAN
logos/6563.jpg,FORNICATOR
logos/6568.jpg,THE NEW PLAGUE
logos/6572.jpg,CYPHER
logos/6584.jpg,IMPALEMENT
logos/6591.jpg,HELEVORN
logos/6592.jpg,WIDOW
logos/6600.jpg,MITHRAS
logos/6612.jpg,HALLSTATT
logos/6613.jpg,HYPNOS
logos/6614.jpg,THORIUM
logos/6618.jpg,ROTTING FLESH
logos/6621.jpg,NEVERGREEN
logos/6653.jpg,PANDEMONIUM
logos/6665.jpg,INQUISITION
logos/6684.jpg,ATRA MUSTUM
logos/6686.jpg,ABYSMAL GRIEF
logos/6696.jpg,WINTER OF SIN
logos/6703.jpg,ASPHYXIATE
logos/6711.jpg,NEUROTIC OF GODS
logos/6716.jpg,EPICA
logos/6731.gif,EMBALMING THEATRE
logos/6734.jpg,PUTRID OFFAL
logos/6764.jpg,BELTANE
logos/6772.jpg,RESURRECTED
logos/6782.jpg,BONGZILLA
logos/6796.jpg,DIABOLIC INTENT
logos/6811.jpg,ALETHEIAN
logos/6836.jpg,SURTURS LOHE
logos/6857.jpg,HEGEMON
logos/6874.gif,ENTHRALLMENT
logos/6898.jpg,SACRED SIN
logos/6905.jpg,ODAL
logos/6928.png,OBSCURITY
logos/6932.jpg,ODROERIR
logos/6941.jpg,ZIVO BLATO
logos/6945.jpg,EVEMASTER
logos/6948.jpg,FROST
logos/6951.png,VOMITOR
logos/6956.jpg,CRIMSON MASSACRE
logos/6964.jpg,RING OF FIRE
logos/6970.jpg,SANATORIUM
logos/6974.jpg,SIEGFRIED
logos/6980.jpg,FROZEN TEARS
logos/6986.jpg,SCISSORFIGHT
logos/6990.jpg,CLAYMORE
logos/7001.jpg,HELLOISE
logos/7003.jpg,LIGNUM CRUCIS
logos/7005.jpg,HEARSE
logos/7024.jpg,TORTURED CONSCIENCE
logos/7030.jpg,LOST SOUL
logos/7031.jpg,VEMOD
logos/7041.png,FARSCAPE
logos/7049.jpg,TAURUS
logos/7060.jpg,SUBLIRITUM
logos/7061.jpg,MUCUPURULENT
logos/7067.jpg,EXOTO
logos/7069.jpg,MALUS
logos/7070.jpg,INSIGNIUM
logos/7099.gif,JESUSMARTYR
logos/7100.jpg,THE MIST
logos/7102.jpg,NAHASH
logos/7103.jpg,OBTEST
logos/7104.jpg,IN TORMENTATA QUIETE
logos/7113.png,WALLACHIA
logos/7114.jpg,BYWAR
logos/7120.jpg,KRUEGER
logos/7162.gif,GRAND MAGUS
logos/7171.jpg,AZARATH
logos/7173.jpg,FRAGILEHOLLOW
logos/7188.jpg,DIABOLIC FORCE
logos/7195.jpg,AETERNITAS
logos/7217.jpg,BURNING DARKNESS
logos/7230.jpg,ANCESTRAL MALEDICTION
logos/7231.jpg,QUEIRON
logos/7261.jpg,WINTERGATE
logos/7264.jpg,PUTRID PILE
logos/7284.jpg,LUNATICA
logos/7286.jpg,LUX FERRE
logos/7311.png,NERVOCHAOS
logos/7312.jpg,GILLMAN
logos/7314.jpg,DESCEREBRATION
logos/7321.jpg,SACRILEGIUM
logos/7329.gif,STABAT MATER
logos/7334.jpg,GWYDION
logos/7340.jpg,SELBSTMORD
logos/7342.jpg,ABRASIVE
logos/7359.jpg,PSYCHOMANCER
logos/7369.gif,ATOLL NERAT
logos/7381.jpg,DARKNESS ETERNAL
logos/7388.jpg,CARNAL
logos/7389.jpg,INFERNAL HATE
logos/7398.jpg,HOLY DRAGONS
logos/7400.gif,GRENOUER
logos/7408.jpg,SAVAGE THRUST
logos/7409.jpg,CUNT GRINDER
logos/7412.jpg,STEEL ASSASSIN
logos/7423.jpg,SINNERS BLEED
logos/7435.jpg,THRAGEDIUM
logos/7446.jpg,CORPSE GRINDER
logos/7477.jpg,MUNICIPAL WASTE
logos/7485.jpg,WILL O WISP
logos/7489.jpg,IN THA UMBRA
logos/7501.png,MEADOWS END
logos/7503.jpg,REALM OF CARNIVORA
logos/7510.jpg,SEDUCERS EMBRACE
logos/7517.jpg,BITTERNESS
logos/7534.jpg,DER STURMER
logos/7544.png,MERCYLESS
logos/7546.jpg,MANATARK
logos/7564.jpg,DENY THE URGE
logos/7565.jpg,BLOKE
logos/7597.jpg,SLEEPY HOLLOW
logos/7604.jpg,GRIMFAUG
logos/7606.jpg,LILITH
logos/7616.png,EXECRATOR
logos/7626.jpg,GODLESS
logos/7640.jpg,FERRO IGNIQUE
logos/7650.jpg,DHAK
logos/7675.jpg,ENTHRAL
logos/7684.jpg,NOCTURNAL
logos/7697.png,TOTENMOND
logos/7708.gif,CARNIVAL IN COAL
logos/7714.jpg,MERRIMACK
logos/7722.jpg,NORTT
logos/7736.jpg,OCULTAN
logos/7737.png,THY GATE BEYOND
logos/7746.jpg,SORGHEGARD
logos/7747.gif,NEMBRIONIC
logos/7764.jpg,TROLLHEIMS GROTT
logos/7765.jpg,BULLET
logos/7767.jpg,THE COLD EXISTENCE
logos/7775.jpg,GUILLOTINE
logos/7776.jpg,TIMO RAUTIAINEN TRIO NISKALAUKAUS
logos/7782.jpg,CRUZ DE HIERRO
logos/7790.jpg,CHAINED AND DESPERATE
logos/7796.jpg,BLACK JADE
logos/7797.jpg,BUCHENWALD OVEN
logos/7828.jpg,MUSTASCH
logos/7829.jpg,NAZGUL
logos/7834.jpg,DARKFLIGHT
logos/7836.jpg,AN AXIS OF PERDITION
logos/7837.jpg,FACEBREAKER
logos/7852.jpg,HANDFUL OF HATE
logos/7853.jpg,INCHIUVATU
logos/7854.jpg,ASTIMI
logos/7857.jpg,VISINA
logos/7858.jpg,LAMENTU
logos/7859.jpg,INQUIETU
logos/7861.jpg,ADDRAUNARA
logos/7862.gif,NOCTIFER
logos/7868.jpg,NATIONAL NAPALM SYNDICATE
logos/7871.jpg,STRANA OFFICINA
logos/7885.jpg,AZUL LIMAO
logos/7907.jpg,WOTAN
logos/7921.jpg,BRAIN DEAD
logos/7940.jpg,POETICUS SEVERUS
logos/7943.jpg,HORRID
logos/7980.jpg,CHRISTIAN EPIDEMIC
logos/7989.jpg,EXECUTER
logos/8007.jpg,MORTAL AGONY
logos/8008.png,KHROPHUS
logos/8028.png,F O B
logos/8030.jpg,COLDBLOOD
logos/8031.jpg,REDEMPTION
logos/8037.gif,INFERUS
logos/8061.jpg,PURIFY
logos/8073.jpg,INFERNAL NECROMANCY
logos/8099.jpg,DESTINITY
logos/8115.jpg,THE AMENTA
logos/8131.jpg,FUNEREAL MOON
logos/8132.jpg,HABORYM
logos/8147.jpg,HOLOCAUST
logos/8165.jpg,PANDEMONIUM
logos/8167.jpg,INFECTOR
logos/8176.jpg,THY WORSHIPER
logos/8181.gif,KHAZAD DHUM
logos/8192.jpg,NOCTIFERIA
logos/8193.jpg,KORGONTHURUS
logos/8216.jpg,REIGN OF EREBUS
logos/8225.png,TOWER
logos/8240.jpg,THUNDERBOLT
logos/8241.jpg,ALOGIA
logos/8257.jpg,URKRAFT
logos/8261.jpg,HORDES OF NEBULAH
logos/8265.jpg,HIBERNUS MORTIS
logos/8272.jpg,PATHOLOGY STENCH
logos/8278.jpg,DIMENSION FH
logos/8295.jpg,MELODRAMA
logos/8296.jpg,SCARIOT
logos/8297.jpg,THE OLD DEAD TREE
logos/8301.jpg,HARKONIN
logos/8305.jpg,HAAT
logos/8342.jpg,HOPESEND
logos/8351.jpg,MIRKVID
logos/8353.jpg,HEROD
logos/8373.jpg,DEW OF NOTHING
logos/8397.jpg,PYPHOMGERTUM
logos/8399.jpg,LETHAL
logos/8401.jpg,EMPTY
logos/8439.jpg,KILL
logos/8451.jpg,OUTRAGE
logos/8464.jpg,SOLITARY
logos/8505.jpg,KOROG
logos/8508.jpg,BEFORE THE DAWN
logos/8520.jpg,UNEARTHLY TRANCE
logos/8540.jpg,DEMONTUARY
logos/8545.jpg,SHATTERED REALM
logos/8553.jpg,HORTUS ANIMAE
logos/8555.jpg,WITCH CROSS
logos/8563.jpg,SPIRAL TOWER
logos/8573.jpg,IMPERIAL FOETICIDE
logos/8589.jpg,ESTIGMA
logos/8593.jpg,ABUSED MAJESTY
logos/8605.jpg,NON OPUS DEI
logos/8608.jpg,PAINMUSEUM
logos/8615.png,ATTICK DEMONS
logos/8624.jpg,BAKED BOMB
logos/8626.png,LAPSUS DEI
logos/8647.jpg,BRIGHT OPHIDIA
logos/8652.jpg,THE SILENCE
logos/8662.jpg,DE LIRIUMS ORDER
logos/8668.jpg,NEMESIS INFERI
logos/8679.jpg,PATAN
logos/8680.jpg,AS VAMPIRIC SHADES AND BELIAL WINDS
logos/8727.jpg,SOMRAK
logos/8785.jpg,STORMRIDER
logos/8788.jpg,GLORIA MORTI
logos/8802.png,STIGMHATE
logos/8807.jpg,MORIENDI
logos/8809.jpg,WOSLOM
logos/8822.jpg,N A M E
logos/8826.png,BELIAL
logos/8837.png,VOYAGER
logos/8842.jpg,DOOMSHINE
logos/8847.jpg,MINCER
logos/8854.jpg,WITCHCRAFT
logos/8877.jpg,FROSTHARDR
logos/8881.jpg,NORTH
logos/8901.jpg,VULTURE LORD
logos/8915.jpg,MANNHAI
logos/8925.jpg,SYNASTHASIA
logos/8934.gif,AGAUREZ
logos/8937.jpg,VISIONS OF ATLANTIS
logos/8939.jpg,MORBID SAINT
logos/8944.jpg,LEMURIA
logos/8953.gif,TRAGODIA
logos/8954.jpg,ETERNAL DEFORMITY
logos/8957.gif,BEYOND BLACK VOID
logos/8963.jpg,ASCENSION THEORY
logos/8965.jpg,DIMENTIANON
logos/8976.jpg,SAXORIOR
logos/8978.jpg,EPILEPSIA
logos/8981.jpg,SANITYS DAWN
logos/8984.jpg,HEATHEN HOOF
logos/8991.jpg,EMPYRIA
logos/8998.jpg,KIUAS
logos/9002.png,KORPSE
logos/9005.jpg,MORTUARY
logos/9020.gif,ARGILE
logos/9038.jpg,EMANCER
logos/9065.jpg,VESEN
logos/9068.jpg,PARAGON BELIAL
logos/9073.jpg,DESPONDENCY
logos/9081.jpg,CREBAIN
logos/9082.jpg,PRIMORDIUM
logos/9085.png,RAM
logos/9089.jpg,NEBRON
logos/9103.jpg,INTHYFLESH
logos/9118.jpg,MALIGNANT ETERNAL
logos/9127.jpg,METAL MIKE
logos/9133.jpg,DIATHRA
logos/9161.jpg,DRUNKARD
logos/9173.jpg,THEODORE ZIRAS
logos/9184.jpg,DRY
logos/9185.jpg,ETERNAL MADNESS
logos/9217.jpg,ANABANTA
logos/9223.jpg,DUNGORTHEB
logos/9232.jpg,KILLHARMONIC
logos/9241.jpg,MISTWEAVER
logos/9245.jpg,MANDRAGORA
logos/9251.jpg,SIGMA DRACONIS
logos/9252.jpg,KULT
logos/9255.gif,FUNERUS
logos/9263.jpg,FLAGELADOR
logos/9283.jpg,PURTENANCE
logos/9284.gif,TRONUS ABYSS
logos/9299.jpg,RWAKE
logos/9323.jpg,DEMONSEED
logos/9333.jpg,DAMOKIS
logos/9338.jpg,HUMAN MASTICATION
logos/9340.jpg,INCARION
logos/9344.jpg,DRUDKH
logos/9363.jpg,GOLEM
logos/9371.jpg,SLUDGE
logos/9373.png,DEREK SHERINIAN
logos/9375.jpg,BELICA
logos/9381.jpg,KORIHOR
logos/9400.jpg,DEMISOR
logos/9404.jpg,NETHEREALM
logos/9421.jpg,SANCTIFIER
logos/9422.png,LUGUBRE
logos/9431.gif,MENTAL DEMISE
logos/9436.jpg,BIOGENESIS
logos/9438.jpg,PROSPECT
logos/9453.jpg,NOOTHGRUSH
logos/9465.jpg,UNIAO
logos/9484.gif,EPITAPH
logos/9509.png,BILSKIRNIR
logos/9512.jpg,SADISM
logos/9513.jpg,LEVITICUS
logos/9518.jpg,GRIMNESS
logos/9528.jpg,DENIM AND LEATHER
logos/9531.jpg,SHADOWDANCE
logos/9538.jpg,MJOLNIR
logos/9554.jpg,SHATTERED SOUL
logos/9555.jpg,KRUEGER
logos/9561.jpg,SALARIO MINIMO
logos/9562.png,LEVIATHAN
logos/9571.jpg,DIVLJE JAGODE
logos/9574.jpg,FUNERAL ORATION
logos/9591.jpg,DAEMONLORD
logos/9613.gif,NECROPSY
logos/9632.jpg,FAUST
logos/9667.jpg,UNCANNY
logos/9676.jpg,CALVARIO
logos/9686.jpg,MALEFICIO
logos/9691.gif,ABRASION
logos/9695.jpg,MANTICORE
logos/9712.jpg,PELICAN
logos/9746.jpg,HEULEND HORN
logos/9752.jpg,RAMESSES
logos/9753.jpg,GLORY OPERA
logos/9768.jpg,METRALION
logos/9771.png,NEPHASTUS
logos/9790.jpg,RITUAL STEEL
logos/9792.jpg,MIDGARD
logos/9794.jpg,HYPONIC
logos/9805.jpg,CARNIFIED
logos/9818.gif,ENDSTILLE
logos/9823.jpg,INDIAN FALL
logos/9840.jpeg,MORCROF
logos/9859.jpg,MORTAGE
logos/9864.jpg,THE STONE
logos/9868.jpg,THE MIGHTY NIMBUS
logos/9870.jpg,GODLESS
logos/9876.jpg,RITUAL DAY
logos/9898.jpg,VORKREIST
logos/9902.jpg,VIOLENT ATTACK
logos/9903.jpg,NARTVIND
logos/9913.gif,DROWNED
logos/9918.jpg,PUISSANCE
logos/9919.png,PATHS OF POSSESSION
logos/9938.jpg,CETI
logos/9945.jpg,PSYCHOPARADOX
logos/9950.jpg,VORGUS
logos/9952.jpg,OBIDIL
logos/9962.jpg,ATHANATOR
logos/9963.jpg,TORTURE
logos/9964.jpg,DARK SUNS
logos/9965.jpg,CALVARIA
logos/9966.jpg,SPELL FOREST
logos/9999.jpg,POST MORTEM
logos/10001.jpg,JACK THE RIPPER
logos/10030.jpg,ATARAXIE
logos/10046.jpg,FRAGMENTS OF UNBECOMING
logos/10050.gif,INSANITY
logos/10055.jpg,THE SARCOPHAGUS
logos/10066.jpg,FORGJORD
logos/10070.jpg,REVEL DECAY
logos/10075.jpg,MUNRUTHEL
logos/10080.jpg,PITCH BLACK
logos/10087.jpg,MOKOMA
logos/10090.jpg,NOCTERNITY
logos/10112.jpg,S V E S T
logos/10114.jpg,WARLOGHE
logos/10134.jpg,BENIGHTED LEAMS
logos/10145.png,ALKONOST
logos/10160.gif,KROHM
logos/10181.jpg,EERINESS
logos/10186.jpg,METALSTEEL
logos/10188.jpg,ONDSKAPT
logos/10220.jpg,MANTRA
logos/10229.jpg,DISTRAUGHT
logos/10230.jpg,SCARS
logos/10243.jpg,SNOWBLIND
logos/10251.jpg,WIZARDS
logos/10254.jpg,RIMMERSGARD
logos/10258.jpg,STORMNATT
logos/10268.jpg,REQUIEM AETERNAM
logos/10273.jpg,WEEPING SILENCE
logos/10281.jpg,GODS TOWER
logos/10284.jpg,NASHEIM
logos/10298.jpg,NOKTURNE
logos/10301.jpg,BLACKMASS
logos/10302.jpg,BLASDEAD
logos/10313.jpg,GREAT AMERICAN DESERT
logos/10315.jpg,MESS AGE
logos/10327.jpg,DISIPLIN
logos/10334.jpg,HORRID FLESH
logos/10346.png,FALSE REALITY
logos/10351.jpg,FALL OF SERENITY
logos/10396.jpg,MORTIFILIA
logos/10401.gif,ERESHKIGAL
logos/10418.jpg,BLOODWRITTEN
logos/10433.png,HOUR OF PENANCE
logos/10439.jpg,SERPENS AEON
logos/10449.jpg,CONVULSE
logos/10456.jpg,NECROPSYA
logos/10461.jpg,MAUSOLEUM
logos/10463.gif,GRIMM
logos/10466.gif,SARCASM
logos/10491.png,MELANCHOLY PESSIMISM
logos/10520.jpg,BLACK HOLE
logos/10533.jpg,SARGEIST
logos/10542.jpg,BURIAL HORDES
logos/10547.jpg,DARK WITCH
logos/10558.jpg,ANIMA DAMNATA
logos/10559.gif,TWILIGHT
logos/10564.jpg,THE LEGION OF HETHERIA
logos/10568.jpg,ETANISIS
logos/10570.jpg,SEPTIC MOON
logos/10571.jpg,BALAM AKAB
logos/10581.jpg,FRONT BEAST
logos/10593.jpg,SORATH
logos/10634.jpg,MICHAEL ANGELO BATIO
logos/10646.jpg,CAULDRON
logos/10656.jpg,TALES OF BLOOD
logos/10658.jpg,AVULSION
logos/10669.jpg,INNER HELVETE
logos/10670.png,ARES KINGDOM
logos/10721.jpg,CAMULOS
logos/10722.jpg,THE TRUE FROST
logos/10724.jpg,NAUSEOUS SURGERY
logos/10727.jpg,DEATH BEAST
logos/10737.jpg,AGORA
logos/10753.jpg,LIPID
logos/10756.jpg,WORSTENEMY
logos/10762.jpg,LOCOMOTIVE BREATH
logos/10771.jpg,BEFORE THE RAIN
logos/10773.jpg,HAEMOTH
logos/10812.jpg,DECISION TO HATE
logos/10813.jpg,COCKROACH
logos/10816.jpg,THARSIS
logos/10837.jpg,CONTAMINO
logos/10841.jpg,ARIDA VORTEX
logos/10852.jpg,MALKUTH
logos/10856.jpg,MASTIC SCUM
logos/10858.jpg,HESPERIA
logos/10894.jpg,SACRIFICIAL SLAUGHTER
logos/10900.gif,CAEDERE
logos/10902.jpeg,SCREAMING SHADOWS
logos/10929.png,YOB
logos/10934.jpg,WITCH MOUNTAIN
logos/10939.gif,TORTURE WHEEL
logos/10946.jpg,TROLLSKOGEN
logos/10949.jpg,PACTUM
logos/10964.jpg,DARK DISCIPLE
logos/10984.jpg,MOONFROST
logos/11004.jpg,DEAD REMAINS
logos/11009.jpg,MOURNBLADE
logos/11012.png,FILII NIGRANTIUM INFERNALIUM
logos/11013.png,GOATPENIS
logos/11018.jpg,DEATHEAD
logos/11027.jpg,MEFISTO
logos/11039.gif,GUTTER SIRENS
logos/11050.jpg,BLODARV
logos/11052.jpg,DEFEATED SANITY
logos/11090.jpg,BARAD DUR
logos/11093.jpg,SUNSETH SPHERE
logos/11096.jpg,RITES OF THY DEGRINGOLADE
logos/11101.jpg,TERRORAMA
logos/11126.png,JUMALHAMARA
logos/11129.jpg,WITCHSMELLER PURSUIVANT
logos/11146.jpg,FLAGELLUM DEI
logos/11174.jpg,HAR SHATAN
logos/11196.jpg,DARK FLOOD
logos/11214.jpg,EXUL
logos/11220.jpg,THE KNELL
logos/11242.jpg,EDENSHADE
logos/11263.gif,INFAMOUS SINPHONY
logos/11265.jpg,FESTERGUTS
logos/11276.jpg,S C A L P
logos/11277.jpg,NUCLEAR WINTER
logos/11288.jpg,NATTEFROST
logos/11296.jpg,FLAMMEA
logos/11302.jpg,IN TORMENT
logos/11304.jpg,AD HOMINEM
logos/11308.jpg,ASKUROR
logos/11329.jpg,DARKENED NOCTURN SLAUGHTERCULT
logos/11331.jpg,CRYSTAL TEARS
logos/11333.jpg,EISENWINTER
logos/11335.gif,UNCREATIONS DAWN
logos/11341.jpg,SALAMANDRA
logos/11364.jpg,BLACK MISANTHROPY
logos/11366.jpg,AWAKE THE MIGHTY DRAGON
logos/11370.gif,CATAPLEXY
logos/11396.jpg,PROCESS OF GUILT
logos/11419.jpg,THEUDHO
logos/11433.jpg,NORDEN
logos/11438.jpg,MAJESTY OF SILENCE
logos/11439.jpg,MALIGNANCE
logos/11448.jpg,ULTIMATIUM
logos/11449.jpg,MIRZADEH
logos/11462.jpg,MORTYFEAR
logos/11472.jpg,KAYO DOT
logos/11473.jpg,BAAL
logos/11476.jpg,MEMORIAL
logos/11512.jpg,INKISITOR
logos/11534.jpg,LUROR
logos/11545.jpg,CRYSTALMOORS
logos/11560.jpg,DISILLUSION
logos/11561.jpg,IMPIOUS HAVOC
logos/11562.jpg,THE RUINS OF BEVERAST
logos/11603.jpg,EXPLICIT HATE
logos/11615.gif,PARIA
logos/11623.jpg,REQUIEM
logos/11669.jpg,SEZARBIL
logos/11670.jpg,INFERNO
logos/11671.jpg,GRAVEN
logos/11679.jpg,DISFORTERROR
logos/11685.jpg,ENOCHIAN
logos/11696.jpg,MORTIFIER
logos/11703.jpg,NIHIL NOCTURNE
logos/11721.jpg,PERDITION HEARSE
logos/11723.jpg,FUNEBRARUM
logos/11729.jpg,VARGSANG
logos/11730.jpg,HEGEMOON
logos/11739.jpg,NORDAFROST
logos/11751.jpg,HETROERTZEN
logos/11767.jpg,STRIID
logos/11796.jpg,KAWIR
logos/11808.jpg,GORGON
logos/11821.jpg,PRIME EVIL
logos/11838.jpg,BLACK ALTAR
logos/11844.jpg,MORTIFERA
logos/11864.jpg,INTERITUS
logos/11866.jpg,PALE DIVINE
logos/11867.jpg,KING
logos/11877.jpg,POPPY SEED GRINDER
logos/11881.jpg,RETURN TO INNOCENCE
logos/11886.png,SIX DEGREES OF SEPARATION
logos/11893.jpg,EQUIRHODONT
logos/11908.jpg,SPITFIRE
logos/11916.gif,NERGAL
logos/11923.jpg,COSMOSQUAD
logos/11936.jpg,KRYPTOS
logos/11949.jpg,UNDER THREAT
logos/11987.png,MARAUDER
logos/11994.gif,GERNOTSHAGEN
logos/12022.jpeg,ULFSDALIR
logos/12028.gif,JURASSIC JADE
logos/12037.jpg,BAXAXAXA
logos/12049.gif,SEPTIC DREAMS
logos/12066.jpg,BREIZH OCCULT
logos/12081.jpg,THALLIUM
logos/12092.jpg,MEDIEVAL DEMON
logos/12095.jpg,GOATREICH
logos/12108.png,GAMA BOMB
logos/12120.jpg,MATER MONSTIFERA
logos/12125.gif,JOTUNHEIM
logos/12157.jpg,TODESWEIHE
logos/12163.jpg,ARMATUS
logos/12171.jpg,WAR BLASPHEMY
logos/12176.jpg,CARRIER FLUX
logos/12178.jpg,WARGRINDER
logos/12179.gif,BLASPHEMOUS NOISE TORMENT
logos/12186.gif,ORDOG
logos/12190.jpg,BEELZEBUL
logos/12203.jpg,SYMBOLIC
logos/12218.jpg,PACTO DE SANGRE
logos/12219.jpg,SOLFERNUS
logos/12220.jpg,ENCRYPTED
logos/12231.jpg,WAFFENWEIHE
logos/12242.jpg,FINAL CHAPTER
logos/12249.jpg,EARTHRIDE
logos/12267.jpg,TUNDRA
logos/12274.jpg,DARKEST GROVE
logos/12276.jpg,DOMINANCE
logos/12281.png,DEATH YELL
logos/12295.jpg,MISTIK
logos/12300.jpg,ODIUM IMMORTALIS
logos/12303.jpg,BELTEZ
logos/12311.gif,MOCK
logos/12322.jpg,WAR
logos/12345.jpg,ALLVATERS ZORN
logos/12351.jpg,ALISTER
logos/12359.jpg,BOMBARDER
logos/12363.jpg,DEMETHER
logos/12371.jpg,HERETICAL GUILT
logos/12382.jpg,SIMARGAL
logos/12393.gif,ENTHRONING SILENCE
logos/12395.jpg,BEKHIRA
logos/12396.png,MARTYRIUM
logos/12400.jpg,TOTENBURG
logos/12402.jpg,CYCO MIKO
logos/12409.jpg,OBDUKTION
logos/12471.jpg,LEPROSY
logos/12475.jpg,FORTRESS UNDER SIEGE
logos/12478.jpg,INTERMENT
logos/12481.jpg,UGRA KARMA
logos/12486.jpg,NOMAD
logos/12491.jpg,SZEG
logos/12506.jpg,WITHERING SOUL
logos/12512.jpg,MIND SNARE
logos/12515.jpg,BLACK SUNRISE
logos/12519.jpg,FORGOT
logos/12527.jpg,LUBRICANT
logos/12533.jpg,DIABLO
logos/12578.jpg,INGURGITATING OBLIVION
logos/12581.jpg,MALIGN
logos/12592.jpg,THY WINTER KINGDOM
logos/12596.jpg,NORDLICHT
logos/12598.jpg,TYPHON
logos/12601.png,HATI
logos/12608.jpg,THRALLDOM
logos/12611.jpg,SPIRIT OF THE DEEP WATERS
logos/12613.png,SWALLOW THE SUN
logos/12621.jpg,SORCERY
logos/12622.jpg,SPINA BIFIDA
logos/12643.png,GRAUPEL
logos/12652.jpg,SUN OF THE SLEEPLESS
logos/12653.jpg,LORD BLASPHEMATE
logos/12656.jpg,STORM LEGION
logos/12660.jpg,KATHAARIA
logos/12686.jpg,MYSTICISM BLACK
logos/12687.jpg,SABNACK
logos/12712.jpg,SADOM
logos/12714.jpg,OCEAN CHIEF
logos/12732.jpg,BLESSMON
logos/12739.jpg,COBALT
logos/12779.png,PERSEFONE
logos/12792.jpg,DISGUISE
logos/12802.jpg,AWAIT ROTTENNESS
logos/12814.jpg,DARKLANDS
logos/12838.jpg,REGNUM UMBRA IGNIS
logos/12855.jpg,MELENCOLIAM
logos/12892.jpg,HATEFUL
logos/12913.jpg,DISTRUZIONE
logos/12941.jpg,OVERLORD
logos/12950.jpg,DEATH COURIER
logos/12981.jpg,DISREPUTE
logos/13027.jpg,VISCERAL DAMAGE
logos/13039.jpg,INQUISITOR
logos/13049.jpg,OBSCURITY TEARS
logos/13051.jpg,CLAWN
logos/13072.jpg,SOTURNUS
logos/13074.jpg,ODIUM
logos/13081.jpg,SECTION A
logos/13099.png,NECROPHILIAC
logos/13100.gif,NEFANDUS
logos/13116.jpg,OBLITERATE
logos/13121.jpg,SHEDIM
logos/13151.jpg,DISORDER
logos/13156.jpg,UNLIGHT
logos/13164.jpg,ICE AGE
logos/13185.jpg,OPHIS
logos/13187.jpg,DEIVOS
logos/13192.jpg,HAMER
logos/13212.jpg,ECLIPTIC SUNSET
logos/13213.jpg,PRION
logos/13217.jpg,BLOOD FREAK
logos/13227.gif,PURGATORY
logos/13228.jpg,LOU CYFER
logos/13234.jpg,AIMING HIGH
logos/13236.jpg,DISHARMONY
logos/13244.jpg,ARRAYAN PATH
logos/13257.jpg,COMMON GRAVE
logos/13273.jpg,RAVEN BLACK NIGHT
logos/13279.jpg,QUERCUS
logos/13281.png,ANGELUS APATRIDA
logos/13283.png,DETEST
logos/13287.jpg,PYRAMAZE
logos/13289.jpg,SPHERIC UNIVERSE EXPERIENCE
logos/13302.png,APOCRYPHAL VOICE
logos/13305.jpg,CARNICA
logos/13311.jpg,CRUCIFIXION BR
logos/13324.jpg,MEMBARIS
logos/13332.png,DARK HEART
logos/13352.gif,HIERARCHICAL PUNISHMENT
logos/13353.png,PRESTIGE
logos/13355.jpg,SOUND BARRIER
logos/13382.jpg,AMOK
logos/13391.jpg,HELRUNAR
logos/13402.jpg,KLUDDE
logos/13417.jpg,PAYSAGE DHIVER
logos/13463.gif,INOCULATION
logos/13490.jpg,MORDGIER
logos/13491.jpg,NAKKIGA
logos/13495.jpg,SLASHING DEATH
logos/13515.gif,DISPARAGED
logos/13516.jpg,VALEFOR
logos/13528.jpg,EVIL BARDS
logos/13532.jpg,ABYSSUM
logos/13537.jpg,APOSENTO
logos/13538.jpg,VALE OF TEARS
logos/13544.jpg,WRUST
logos/13557.png,LOST DREAMS
logos/13565.jpg,BLACK HOWLING
logos/13572.jpg,PUNISH
logos/13575.gif,NONHUMENTAL
logos/13598.jpg,THE BLOODY EARTH
logos/13601.jpg,WITCHES SABBATH
logos/13624.jpg,MEAT YARD
logos/13628.jpg,TROGLODYTE DAWN
logos/13644.jpg,STORMCROW
logos/13647.jpg,REBEL SOULS
logos/13658.jpg,PROFANATION
logos/13671.jpg,ZAGHURIM
logos/13688.jpg,VOMIT THE SOUL
logos/13706.jpg,BATTLERAGE
logos/13707.jpg,MONOLITHE
logos/13713.jpg,HUMANICIDE
logos/13718.jpg,HIEMS
logos/13719.jpg,KADAVERFICKER
logos/13735.jpg,FESTERING SALIVA
logos/13740.jpg,MOURNFUL GUST
logos/13745.gif,DEFLORATION
logos/13746.jpg,DARKSPACE
logos/13779.gif,BRANDPEST
logos/13788.jpg,EMINENT SHADOW
logos/13836.jpg,DESCENDING DARKNESS
logos/13837.jpg,LECHEROUS NOCTURNE
logos/13915.png,BEL O KAN
logos/13917.jpg,CARNALITY
logos/13927.gif,SCALD
logos/13942.jpg,ENTIRETY
logos/13951.jpg,WEEPING TWILIGHT
logos/13973.jpg,HYSTERIA
logos/13977.jpg,CARNAL DECAY
logos/13978.jpg,BLACK SEAS OF INFINITY
logos/13988.jpg,SACRIFICIAL BLOOD
logos/13991.jpg,ELUVEITIE
logos/14001.jpg,TAAKEFERD
logos/14020.gif,JACK STARRS BURNING STARR
logos/14028.jpeg,VOLKEINBLUCHT
logos/14043.jpg,OVERBLOOD
logos/14046.jpg,SUDDEN DEATH
logos/14047.png,VALGRIND
logos/14048.jpg,VIRULENT RE SHAPES
logos/14073.jpg,PEST
logos/14074.png,THE DAY EVERYTHING BECAME NOTHING
logos/14079.jpg,BARBAROS
logos/14084.jpg,NECROPHILE
logos/14100.jpg,STILLBORN
logos/14104.gif,WEEDEATER
logos/14136.jpg,PSILOCYBE LARVAE
logos/14143.gif,BONE AWL
logos/14152.jpg,THE OATH
logos/14186.jpg,EVTHANAZIA
logos/14187.jpg,MEDIEVIL
logos/14195.jpg,VELD
logos/14216.jpg,UNBLESSED
logos/14238.jpg,MORTE INCANDESCENTE
logos/14249.jpg,FUNERAL PROCESSION
logos/14251.gif,SLOW DEATH
logos/14282.jpg,LABYRINTH OF ABYSS
logos/14303.jpg,SEVENTH SEAL
logos/14316.jpg,VEULIAH
logos/14322.jpg,HEKEL
logos/14327.jpg,MAGIC KINGDOM
logos/14335.jpg,SOMAN
logos/14356.jpg,BLACKHORNED
logos/14360.jpg,IRHMGAAR
logos/14366.gif,ULULATE
logos/14370.jpg,GRAUSAMKEIT
logos/14372.jpg,HAIMAD
logos/14373.jpg,HELL MILITIA
logos/14378.png,SAURON
logos/14381.jpg,DUNKEL NACHT
logos/14389.jpg,TENEBRAE IN PERPETUUM
logos/14405.png,SIL KHANNAZ
logos/14411.jpg,GENITAL GRINDER
logos/14418.jpg,BLASPHEMY
logos/14425.jpg,MALVEILLANCE
logos/14429.jpg,DIAMOND EYED PRINCESS
logos/14435.jpg,TYR
logos/14438.gif,ITHDABQUTH QLIPHOTH
logos/14440.png,CAULDRON BLACK RAM
logos/14465.jpg,BLIZZARD
logos/14472.jpg,VORDR
logos/14478.png,METHADRONE
logos/14481.jpg,GHOST MACHINERY
logos/14493.jpg,GRAVES AT SEA
logos/14512.jpg,KHALLICE
logos/14523.png,VOIDD
logos/14530.jpg,QUO VADIS
logos/14532.gif,MISANTROPUS
logos/14537.png,ASTRAL DOORS
logos/14538.jpg,EXTREMA
logos/14540.gif,ARSONIST LODGE
logos/14546.jpg,DELIRIUM X TREMENS
logos/14559.png,ENOCH
logos/14562.jpg,EXSECROR VECORDIA
logos/14571.jpg,DEMON SWORD
logos/14576.jpg,SVARTHYMN
logos/14585.jpg,EPPING FOREST
logos/14621.jpg,DEFACING
logos/14633.jpg,ANUBIS GATE
logos/14643.jpg,BRIARGH
logos/14648.jpg,EOLE NOIR
logos/14658.jpg,BLACK MASS
logos/14662.jpg,INFERNAL ANGELS
logos/14672.png,WOLFS HUNGER
logos/14683.jpg,SEPIROTH
logos/14687.jpg,GOD
logos/14693.jpg,THE FUCKING CHAMPS
logos/14714.jpg,ARMAGGEDON
logos/14730.jpg,AGNOSIS
logos/14732.jpg,MITOCHONDRION
logos/14749.jpg,SEA OF TRANQUILLITY
logos/14767.jpg,CRUEL ADICCION
logos/14781.jpg,ALGOR
logos/14805.jpg,PSEUDOSTRATIFFIED EPITHELIUM
logos/14817.jpg,TYRANNY
logos/14829.png,CULTUS
logos/14830.jpg,ETERNAL SORROW
logos/14859.jpg,A GRUESOME FIND
logos/14868.jpg,NADJA
logos/14893.jpg,WARBUTCHER
logos/14896.jpg,REDEMPTOR
logos/14905.gif,REVENGE
logos/14916.jpg,INNERWISH
logos/14934.jpg,THORNIUM
logos/14943.jpg,BUNKUR
logos/14945.jpeg,LITANY
logos/14960.jpg,SACRIFICIA MORTUORUM
logos/14988.jpg,PESTILENTIAL SHADOWS
logos/15036.png,GADGET
logos/15041.jpg,THE VISION BLEAK
logos/15042.jpg,MYRKWID
logos/15062.jpg,SPIRITUS MORTIS
logos/15078.jpg,MALEBOLGIA
logos/15105.jpg,DEBAUCHERY
logos/15110.jpg,XERION
logos/15113.jpg,BRAHMA
logos/15115.jpg,DEATHRUNE
logos/15171.jpg,HATECRAFT
logos/15172.jpg,SANATENA
logos/15221.jpg,INHUMATION
logos/15230.jpg,BLOODRAIN
logos/15231.jpg,MENTAL FUNERAL
logos/15251.jpg,BARBARIAN PROPHECIES
logos/15252.png,HOLDER
logos/15266.png,FROST
logos/15277.png,FOSCOR
logos/15282.jpg,MORKER
logos/15297.jpg,BLOODLINE
logos/15304.jpg,MINOTAURUS
logos/15310.gif,ULFHETHNAR
logos/15325.jpg,WILL OF THE ANCIENTS
logos/15327.jpg,SVARTR STRIJD
logos/15343.jpg,LAMMASHTA
logos/15364.jpg,AMBEHR
logos/15370.jpg,ATTAXE
logos/15421.jpg,THY BLACK BLOOD
logos/15424.png,SCORPIONS
logos/15448.jpg,DARKESTRAH
logos/15473.jpg,FIREBALL MINISTRY
logos/15479.jpg,VISCERA TRAIL
logos/15483.jpg,LARS ERIC MATTSSON
logos/15500.jpg,HIDDEN
logos/15521.jpg,DOT
logos/15533.jpg,BLIND STARE
logos/15555.gif,MONUMENTUM
logos/15580.jpg,SOLICIDE
logos/15582.jpg,BURIED AT SEA
logos/15600.jpg,ISTAPP
logos/15607.jpg,AMMIT
logos/15609.jpg,MALEFICARUM
logos/15623.gif,HATESTORM
logos/15657.jpg,RUE
logos/15671.jpg,EAR DANGER
logos/15728.jpg,BANNERWAR
logos/15762.jpg,RAILWAY
logos/15770.jpg,MORTIFICY
logos/15771.jpg,SIEG ODER TOD
logos/15806.jpg,EVILFEAST
logos/15818.jpg,MILITIA
logos/15835.jpg,WELL OF SOULS
logos/15842.jpg,WODENSON
logos/15846.png,DREAMLORD
logos/15857.jpg,ADOR DORATH
logos/15892.gif,ALASTOR
logos/15893.jpg,SWAROST
logos/15908.jpg,ORAKLE
logos/15913.png,CREPTUM
logos/15945.gif,ARK STORM
logos/15963.png,KALOPSIA
logos/15991.jpg,MERGING FLARE
logos/15992.png,DYECREST
logos/16004.png,UMBRTKA
logos/16009.jpg,LITTLE DEAD BERTHA
logos/16011.jpg,EYECONOCLAST
logos/16020.jpg,MAD MAX
logos/16025.jpg,ASMODEUS
logos/16072.jpg,INSANE VESPER
logos/16095.jpg,DOKKEN
logos/16098.jpg,HORNCROWNED
logos/16140.jpg,FUNERAILLE
logos/16143.jpg,LUCIFERIAN
logos/16145.png,MALNATT
logos/16146.jpg,SIGNS OF DARKNESS
logos/16186.jpg,PUTREFY
logos/16190.jpg,NECRO RITUAL
logos/16202.jpg,COMMAND
logos/16231.gif,ARKANGEL
logos/16250.jpg,NERVECELL
logos/16252.png,UNCERTAINTY PRINCIPLE
logos/16265.jpg,T O O H
logos/16298.jpg,MVP
logos/16302.png,BRAINOIL
logos/16326.gif,ARMAGEDDON USA
logos/16331.jpg,NECROMORPH
logos/16332.jpg,BUSTUM
logos/16395.jpg,FALL OF THE IDOLS
logos/16411.jpg,LUTEMKRAT
logos/16437.jpg,RIVERSIDE
logos/16442.jpg,FARMER BOYS
logos/16452.jpg,NACHTGEBLUT
logos/16456.jpg,MINAS
logos/16466.jpg,HELLTRAIN
logos/16482.jpg,MY OWN GRAVE
logos/16486.jpg,SKELETON OF GOD
logos/16488.jpg,TITANIC
logos/16494.jpg,NORDREICH
logos/16500.jpg,LINGEDAL
logos/16508.jpg,THE ONE
logos/16532.jpg,SEPULCHRAL
logos/16537.gif,BRALALALALA
logos/16551.jpg,IMMORTAL SUFFERING
logos/16553.jpg,HEADROT
logos/16560.jpg,THE RIVER
logos/16592.jpg,DREAMLORE
logos/16613.jpg,BETZEFER
logos/16622.jpg,OPPOSITE SIDES
logos/16623.jpg,ARBITRATOR
logos/16625.jpg,CLITEATER
logos/16631.png,ZOMBIE RITUAL
logos/16663.jpg,SUPREME LORD
logos/16667.gif,CASBAH
logos/16672.jpg,ORION RIDERS
logos/16675.jpg,CAEDES
logos/16692.jpg,PAGAN REIGN
logos/16697.jpg,GOLL
logos/16721.jpg,OTARGOS
logos/16722.jpg,PAIN CONFESSOR
logos/16737.gif,MALASANGRE
logos/16746.jpg,STRIBORG
logos/16753.jpg,EXULCERATE
logos/16767.jpg,TOKYO YANKEES
logos/16771.jpg,BLACK CIRCLE
logos/16778.jpg,BOB CATLEY
logos/16798.jpg,LIK
logos/16799.jpg,PARAGON OF BEAUTY
logos/16802.jpg,UNBORN SUFFER
logos/16817.jpg,LUA NEGRA
logos/16820.jpg,SMIERCIESLAU
logos/16821.png,ZMROK
logos/16842.jpg,PERVERSE
logos/16857.jpg,NACHTKULT
logos/16879.jpg,SKELETONWITCH
logos/16905.jpg,SABBRABELLS
logos/16907.jpg,CORTEGE
logos/16921.jpg,SIX REASONS TO KILL
logos/16922.jpg,VIA DOLOROSA
logos/16928.jpg,WODULF
logos/16938.png,TRAITORS GATE
logos/16965.jpg,VITALIJ KUPRIJ
logos/16968.jpg,BRANSTOCK
logos/16993.jpg,MORTIS DEI
logos/16994.png,CHRIS CAFFERY
logos/17016.jpg,ZARPA
logos/17021.gif,WRATHAGE
logos/17035.jpg,NEMESEA
logos/17053.jpg,NYSEIUS
logos/17061.jpg,WEWELSBURG
logos/17067.jpg,EMIT
logos/17075.jpg,UNFLESHED
logos/17078.jpg,CADAVERIC CREMATORIUM
logos/17088.jpg,URSKUMUG
logos/17118.jpeg,DEATHS HEAD
logos/17131.jpg,RUSTY COOLEY
logos/17141.jpg,HUMANITY ECLIPSE
logos/17142.jpg,TRANSGRESSOR
logos/17147.jpg,DEFACER
logos/17161.jpg,BLACK REIGN
logos/17165.jpg,KAMIKAZE
logos/17183.jpg,LIGHT OF DARK
logos/17187.jpg,STORMFRONT
logos/17213.png,CROM
logos/17232.jpg,EXCALION
logos/17236.jpg,VIRGIN SNATCH
logos/17237.jpg,HORNED ALMIGHTY
logos/17249.jpg,CYSTIC DYSENTERY
logos/17280.jpg,UMBRACULUM FUNEBRIS
logos/17305.jpg,HEARSE
logos/17328.jpg,SICKENING HORROR
logos/17352.jpg,EZAYAH
logos/17385.jpg,SEIGMEN
logos/17394.png,IMAGES OF EDEN
logos/17417.jpg,HEIDEN
logos/17431.jpg,KORPIKLAANI
logos/17452.jpg,HORN
logos/17491.jpg,RAMSES
logos/17497.jpg,MAGAN
logos/17514.gif,KRUDO
logos/17517.jpg,MY DARK SIN
logos/17519.jpg,PAIN OF SOUL
logos/17521.jpg,PHALOGORE
logos/17587.png,DARKMOON WARRIOR
logos/17616.jpg,MORDHELL
logos/17630.jpg,CORRUPTED
logos/17634.jpg,MESSENGER
logos/17646.jpg,ELYSIAN BLAZE
logos/17655.jpg,SOULEDGE
logos/17658.jpg,CANVAS SOLARIS
logos/17665.jpg,THROUGH THE EYES OF THE DEAD
logos/17681.jpg,ARDA
logos/17682.jpg,DEE SNIDER
logos/17723.jpg,ANGELCRYPT
logos/17754.jpg,THE HANDSOME BEASTS
logos/17768.jpg,SODOMIZER
logos/17785.jpg,NAZCA
logos/17795.gif,DRUNK HORSE
logos/17813.jpg,GROMRITUAL
logos/17815.jpg,FOREST OF FOG
logos/17823.jpg,CROWN OF WORMS
logos/17838.jpg,LOATHING
logos/17841.jpg,ULTRA VOMIT
logos/17846.jpg,THE BLACK
logos/17850.jpg,HEIDEVOLK
logos/17878.jpg,ABRAMIS BRAMA
logos/17883.jpg,BESTIAL
logos/17892.jpg,RECTAL COLLAPSE
logos/17922.jpg,SPHERE
logos/17935.gif,SIEGE OF HATE
logos/17962.jpg,CARPATIA
logos/17977.jpg,NORDMEN
logos/17980.gif,SCORNGRAIN
logos/17993.jpg,CONSECRATION
logos/18073.gif,STRAVAGANZZA
logos/18092.jpg,GOATS
logos/18098.jpg,SCORNAGE
logos/18121.jpg,VIBRION
logos/18136.gif,AXON
logos/18139.jpg,BRAINDEAD
logos/18152.jpg,MORDGRUND
logos/18153.jpg,DISASTER
logos/18175.png,NOENUM
logos/18185.jpg,STOS
logos/18228.jpg,SPEKTR
logos/18281.jpg,WOMBBATH
logos/18292.png,DR KNOW
logos/18301.jpg,VIRGIN SIN
logos/18303.jpg,THE FORENSIC
logos/18315.jpg,UDUMBAL
logos/18318.jpg,MILLENNIUM
logos/18334.jpg,SILENT EYE
logos/18360.jpg,REGICIDE
logos/18374.jpg,TORRE DE MARFIL
logos/18384.jpg,UNMERCIFUL
logos/18389.jpg,MINDFLOW
logos/18398.jpg,ETHEREAL SIN
logos/18405.jpg,GLORIOR BELLI
logos/18408.jpg,DEATHLESS ANGUISH
logos/18437.jpg,GJENFERDSEL
logos/18456.jpg,EMBALMED
logos/18476.jpg,DARK VISION
logos/18489.jpg,INFINITY
logos/18490.jpg,VERIVALA
logos/18493.jpg,NECROSADISTIC GOAT TORTURE
logos/18503.jpg,RAPIDFORCE
logos/18504.jpg,MYSTURA
logos/18556.jpg,KIMAERA
logos/18566.jpg,BRETWALDAS OF HEATHEN DOOM
logos/18572.jpg,LUXURIA DE LILLITH
logos/18606.gif,VARDAN
logos/18625.jpg,WARFIRE
logos/18690.jpg,REUNION
logos/18698.jpg,RIBSPREADER
logos/18699.jpg,ANOTHER LIFE
logos/18701.jpg,THE ARRIVAL OF SATAN
logos/18728.jpg,COFFINS
logos/18732.jpg,OYHRA
logos/18736.jpg,SHADES OF DUSK
logos/18741.jpg,BESTIAL DEFORM
logos/18769.gif,CLENCHED FIST
logos/18775.jpg,CRONOS
logos/18812.jpg,GOLGATHA
logos/18824.jpg,BYZANTINE
logos/18836.jpg,WARAGE
logos/18837.jpg,ARS ONIRICA
logos/18844.jpg,BLISS OF FLESH
logos/18847.jpg,DARK OPUS
logos/18852.png,BLOODY BLASPHEMY
logos/18879.jpg,BLOODTHIRST
logos/18883.jpg,ABUTRE
logos/18897.gif,DEMIURG
logos/18899.jpg,NOUMENA
logos/18921.jpg,RIPPIKOULU
logos/18930.jpg,WINTERHORDE
logos/18938.jpg,WITCHCRAFT
logos/18980.jpg,HECATOMB
logos/18992.png,BLOODWORK
logos/19008.jpg,IRA REGIA
logos/19021.jpg,DYSENTERY
logos/19074.jpg,HYPOTHERMIA
logos/19082.jpg,MARTIRIA
logos/19085.jpg,KARGVINT
logos/19107.jpg,MOONLIGHT
logos/19124.jpg,GOTHIC
logos/19129.jpg,CORROSIVE
logos/19130.jpg,PATHOGEN
logos/19169.jpg,PAGAN FOREST
logos/19260.jpg,HEIDENWELT
logos/19273.jpg,EREB ALTOR
logos/19280.jpg,TODESBONDEN
logos/19283.jpg,SATANARCHY
logos/19305.jpg,DR SIN
logos/19308.jpg,MANETHEREN
logos/19315.jpg,THY ENDLESS WRATH
logos/19321.gif,EMETH
logos/19348.jpg,BORNHOLM
logos/19371.jpg,FRAGILE VASTNESS
logos/19373.jpg,FRANGAR
logos/19385.jpg,VERGELTUNG
logos/19387.jpg,WINTERGEWITTER
logos/19399.gif,FAIRY MIRROR
logos/19404.png,SOULBURNER
logos/19414.gif,CRYPTIC FATE
logos/19415.jpg,AZRAEL
logos/19417.jpg,GALNERYUS
logos/19446.jpg,CARAVELLUS
logos/19470.jpg,MAGNUS
logos/19475.jpg,CRANIOTOMY
logos/19488.png,NAUMACHIA
logos/19500.jpg,F T G
logos/19517.jpg,VOCIFERIAN
logos/19528.jpg,AMBIVALENCE
logos/19547.jpg,CONSECRATOR
logos/19559.jpg,TERASBETONI
logos/19573.jpg,ANKRISMAH
logos/19575.jpg,MALEFICE
logos/19577.png,LADO OBSCURO
logos/19582.gif,VULTURINE
logos/19586.jpg,CAST THE STONE
logos/19596.png,URFAUST
logos/19622.jpg,THYABHORRENT
logos/19625.jpg,AMON
logos/19664.jpg,MALVENTO
logos/19699.gif,NOCTIS IMPERIUM
logos/19701.jpg,ALCEST
logos/19717.jpg,DORMANTH
logos/19724.png,SPEARHEAD
logos/19733.jpg,BOUND IN HUMAN FLESH
logos/19738.jpg,TASTE OF TEARS
logos/19740.jpg,ELECTRO QUARTERSTAFF
logos/19771.jpg,SPITEFUL
logos/19773.jpg,PANNDORA
logos/19783.jpg,DREAM OF NEBIROS
logos/19856.jpg,BLACK WAR
logos/19880.jpg,FUCK OFF
logos/19907.jpg,MORD
logos/19909.png,NECROVILE
logos/19920.jpg,DISKORD
logos/19925.jpg,ISENBURG
logos/19930.gif,FAITH
logos/19932.jpg,HACAVITZ
logos/19934.jpg,DARKTHULE
logos/19948.jpg,NOCTURNAL DEPRESSION
logos/19958.gif,MORDICHRIST
logos/19975.gif,NIDINGR
logos/19994.jpg,FAST KUTZ
logos/20009.jpeg,SARATH
logos/20025.jpg,SLEEPING VILLAGE
logos/20034.jpg,WYRM
logos/20045.jpg,CRUEL HUMANITY
logos/20049.jpg,SQUADRON
logos/20106.png,ANDI DERIS AND THE BAD BANKERS
logos/20114.jpg,JEZABEL
logos/20122.jpg,KRUK
logos/20135.jpg,WILDES HEER
logos/20138.jpg,ADKAN
logos/20147.jpg,GHOULISH
logos/20148.png,MASSIVE POWER
logos/20154.jpg,DISGRACE AND TERROR
logos/20159.jpg,THY ANTICHRIST
logos/20165.jpg,ASOFY
logos/20168.jpg,INFERNUS
logos/20181.jpg,NORD
logos/20185.jpg,DISOLUTO
logos/20242.jpg,TEITANBLOOD
logos/20260.gif,NOCTURNAL GRAVES
logos/20261.jpg,STORMING DARKNESS
logos/20262.jpg,DEBORAH
logos/20268.png,SIX BEER
logos/20272.jpg,DAMIEN
logos/20273.png,EVIL POETRY
logos/20289.jpg,INTO DARKNESS
logos/20290.jpg,DOM DRACUL
logos/20294.jpg,DARK MESSIAH
logos/20302.jpg,FOLKHEIM
logos/20306.jpg,ANAL BLASPHEMY
logos/20322.jpg,DEMONOID
logos/20326.jpg,ILL NATURED
logos/20333.jpg,HOLY BLOOD
logos/20359.jpg,APHANGAK
logos/20398.jpg,UNHOLY FLAMES
logos/20419.jpg,NECROVATION
logos/20430.jpg,MORFOLK
logos/20438.jpg,IMINDAIN
logos/20444.jpg,ASTAARTH
logos/20456.jpg,GONFANON
logos/20462.jpg,EVILWINGED
logos/20492.jpg,KEY OF MYTHRAS
logos/20502.jpg,SACRAMENTAL BLOOD
logos/20506.jpg,AETHERIUS OBSCURITAS
logos/20516.jpg,RUNDAGOR
logos/20525.jpg,THE ZEPHYR
logos/20558.jpg,BLAKAGIR
logos/20569.jpg,AYAT
logos/20580.jpg,SQUAD
logos/20596.gif,NUMINOUS
logos/20598.jpg,TIM DONAHUE
logos/20607.png,HICSOS
logos/20610.gif,HARDHOLZ
logos/20616.jpg,ISRATHOUM
logos/20628.jpg,AKELA
logos/20648.jpg,TROLLFEST
logos/20650.jpg,CRADLE TO GRAVE
logos/20679.jpg,MANTAK
logos/20680.jpg,RITUAL OF REBIRTH
logos/20695.gif,THRONES
logos/20701.jpg,BOSEDEATH
logos/20713.jpg,VENOMOUS CONCEPT
logos/20749.png,KOMUNAL
logos/20768.jpg,ULTOR
logos/20769.jpg,LAMENT CHRIST
logos/20775.jpg,SICULICIDIUM
logos/20778.jpg,FECIFECTUM
logos/20805.gif,HEIMAT
logos/20817.gif,BREATH OF SORROWS
logos/20825.png,AS I LAY DYING
logos/20846.jpg,BLACK HORIZONZ
logos/20857.gif,NEGATIVE FACE
logos/20869.jpg,FUNGUS
logos/20874.jpg,INNER HATE
logos/20884.jpg,ORATEGOD
logos/20905.jpg,UTUK XUL
logos/20929.jpg,LANZ
logos/20939.png,E N D
logos/20947.jpg,KAPROGOAT
logos/20949.jpg,SUFFERING SOULS
logos/20971.jpg,HECATE
logos/20974.jpg,PYOVELI
logos/20989.jpg,VAMPIRE MOOOSE
logos/21035.jpg,NEAERA
logos/21041.png,RUINS
logos/21047.jpg,TERATOMA
logos/21050.png,DEAD MEAT
logos/21065.jpg,TRAUMATIC VOYAGE
logos/21074.jpg,INFERNAL COMMAND
logos/21121.jpg,C AVERAGE
logos/21123.jpg,ABSTRACT
logos/21137.jpg,NIDSANG
logos/21147.jpg,MIDNATTSOL
logos/21175.jpg,WAR HEAD
logos/21177.jpg,KAYSER
logos/21216.jpg,DEPRESSOR
logos/21239.jpg,WURM
logos/21250.jpg,OBTRUNCATION
logos/21262.jpg,NERUMIA
logos/21334.jpg,STRIKELIGHT
logos/21343.jpg,AXIS POWERS
logos/21348.jpg,KALTETOD
logos/21392.jpg,JESU
logos/21395.jpg,GRAVESPAWN
logos/21416.jpg,FISSION
logos/21444.jpg,CRETIN
logos/21450.png,BOG MOROK
logos/21464.png,TOXAEMIA
logos/21487.gif,EXORDIUM
logos/21503.jpg,SARKOM
logos/21541.jpg,EBOLA
logos/21557.png,NECROMANCY
logos/21597.jpg,IGNITOR
logos/21604.jpg,CRUCIFIXION WOUNDS
logos/21645.jpg,SELEFICE
logos/21667.jpg,DEMONIAC LORD
logos/21674.jpg,ZENITE
logos/21695.jpg,OVERTHRASH
logos/21717.jpg,DISHARMONIC
logos/21739.jpg,DONNERGROLL
logos/21769.jpg,BLACK RAIN
logos/21770.jpg,PSYCHOBOLIA
logos/21775.jpg,GRIND INC
logos/21780.jpg,GRABSCHANDER
logos/21802.jpg,HELLISHTHRONE
logos/21818.jpg,NIMROD B C
logos/21820.jpg,DARKNESS
logos/21823.jpg,APOSTASY
logos/21833.jpg,MORBUS
logos/21894.jpg,JORDAN RUDESS
logos/21898.jpg,COLDBLOODED
logos/21932.gif,OCONNOR
logos/21944.gif,ARDITI
logos/21949.jpg,HEIDENBLUT
logos/21968.jpg,ILEMAUZAR
logos/21970.jpg,SCORCHED
logos/21988.jpg,MANGLED ATROCITY
logos/21999.jpg,MISANTHROPIC MIGHT
logos/22007.jpg,PANZER
logos/22016.gif,DENOUNCEMENT PYRE
logos/22019.jpg,PARENTAL ADVISORY
logos/22058.jpg,PROFANE
logos/22063.jpg,NOCTICULA
logos/22101.jpg,METAL MIRROR
logos/22106.png,SCARAB
logos/22118.jpg,SONS OF FENRIS
logos/22141.jpg,WAR MASTER
logos/22163.jpg,IAD
logos/22172.jpg,HORNS
logos/22180.jpg,STIGMATIZED
logos/22195.jpg,DESTROYING DIVINITY
logos/22197.jpg,STARGATE
logos/22272.jpg,WINDS OF FUNERAL
logos/22305.jpg,SARKASM
logos/22339.jpg,ARYAN ART
logos/22342.jpg,VORKUTA
logos/22352.jpg,BIG BOSS
logos/22357.jpg,NEXT
logos/22363.jpg,TENEBRA
logos/22382.jpg,WAR HAMMER COMMAND
logos/22387.jpg,SPECTRAL MORTUARY
logos/22392.jpg,WISDOM
logos/22404.jpg,WOJNAR
logos/22438.gif,SOULCIDE
logos/22457.jpg,LEON HERALDICO
logos/22498.jpg,TESSTIMONY
logos/22499.gif,MOAT
logos/22522.jpg,WEEMOED
logos/22523.jpg,VOLC VERMALEDIDE
logos/22555.jpg,TOTAL DEATH
logos/22582.jpg,GUTTED
logos/22589.gif,DEATHSPAWNED DESTROYER
logos/22607.jpg,DEVIL TO PAY
logos/22648.jpg,MURW
logos/22675.gif,BARBARITY
logos/22695.jpg,STRYCHNOS
logos/22721.jpg,DOMGARD
logos/22758.gif,AGNOSIA
logos/22769.png,CORPSE OV CHRIST
logos/22774.jpg,ANARKHON
logos/22782.jpg,DEATHCRUSH
logos/22789.jpg,NATURAL SPIRIT
logos/22793.jpg,LORD ASTAROTH
logos/22797.jpg,THRYMHEYM
logos/22802.jpg,NECROART
logos/22808.jpg,ETERNAL DRAK
logos/22813.jpg,WINTERSUN
logos/22842.jpg,FORCE MAJEURE
logos/22866.jpg,VELDRAVETH
logos/22870.jpg,SAGOTH
logos/22874.jpg,BAJO ZERO
logos/22912.jpg,EXTERMINANCE
logos/22919.jpg,WULFGRAVF
logos/23010.jpg,YAOTL MICTLAN
logos/23031.gif,DIABOLICAL MESSIAH
logos/23055.jpg,ARS NOTORIA
logos/23057.gif,MALCUIDANT
logos/23059.jpg,MORBID EXECUTION
logos/23117.jpg,WELTBRAND
logos/23138.jpg,SANCTUM REGNUM
logos/23141.gif,BESTIAL RAIDS
logos/23160.jpg,TCHANDALA
logos/23200.jpg,OGRE
logos/23202.jpg,OBSTRUCTION
logos/23218.jpg,TJOLGTJAR
logos/23234.jpg,ADGAR
logos/23238.png,GEYSER
logos/23253.jpg,CARNIVORE DIPROSOPUS
logos/23263.jpg,BEHALF FIEND
logos/23264.jpg,SATANIC PROPHETS
logos/23267.jpg,COMMANDER
logos/23320.jpg,STIMULANS
logos/23335.jpg,STALWART
logos/23340.gif,INSAINTFICATION
logos/23342.jpg,VIDRES A LA SANG
logos/23344.jpg,DEATH MECHANISM
logos/23383.jpg,UNDERTAKER OF THE DAMNED
logos/23386.png,MANITU
logos/23401.jpg,EXMORTUS
logos/23453.jpg,PESTEN
logos/23480.jpg,BEYOND MORTALITY
logos/23517.jpg,ABORTED CHRIST CHILDE
logos/23557.jpg,AMPHITRIUM
logos/23584.jpg,INTO THE DARKNESS MY DESTINY
logos/23609.jpg,KATASSAMALASS
logos/23631.jpg,CHAOS MOON
logos/23634.jpg,ORATE
logos/23642.jpg,EM RUINAS
logos/23692.jpg,GUEHENOM
logos/23712.jpg,NECRONOMICON BEAST
logos/23732.jpg,JAMESON RAID
logos/23747.jpg,BASKERVILLE
logos/23755.jpg,SOULFALLEN
logos/23765.jpg,FURIA
logos/23782.jpg,DAKSHA
logos/23790.jpg,GRAFVOLLUTH
logos/23806.jpg,SPIRITUAL DECAY
logos/23875.jpg,LYFTHRASYR
logos/23896.jpg,INCARNATUS
logos/23906.jpg,HATENWAR
logos/23918.jpg,DAVID T CHASTAIN
logos/23963.jpg,TREPALIUM
logos/23964.gif,MAGNESIUM
logos/23970.jpg,FINIS GLORIA DEI
logos/23979.jpg,STYGIAN SHORE
logos/23990.jpg,MINDLESS SINNER
logos/24025.jpg,NYOGTHAEBLISZ
logos/24091.jpg,DEATHLESS
logos/24181.jpg,BIG BUSINESS
logos/24246.jpg,RYTMIHAIRIO
logos/24284.jpg,TINIEBLAS
logos/24291.jpg,LEGION SACRA
logos/24313.gif,SATOR MARTE
logos/24325.jpg,THE END
logos/24326.jpg,CHELMNO
logos/24333.jpg,LORD OF DEPRESSION
logos/24349.jpg,NEUROPATHIA
logos/24350.jpg,EPITHALIUM
logos/24373.jpg,MIGHTY GOAT OBSCENITY
logos/24387.jpg,EMBOLISM
logos/24396.png,ARCANIA
logos/24404.jpg,PUNISHED EARTH
logos/24417.jpg,MAGGOTTHOLAMIA
logos/24440.png,VAHRZAW
logos/24443.jpg,DOMINATION BLACK
logos/24453.jpg,THRUDVANGAR
logos/24460.jpg,FLESHBOMB
logos/24477.jpg,ODIOUS MORTEM
logos/24482.jpg,P T E ORDER
logos/24487.jpg,GORDUW
logos/24494.gif,W E B
logos/24499.jpg,TCHORT
logos/24516.jpg,SERENITY
logos/24640.jpg,PHANTOM X
logos/24704.png,COMMUNIC
logos/24715.jpg,CREPUSCULUM
logos/24731.jpg,SHAMBLESS
logos/24760.jpg,SALVUS
logos/24781.jpg,THE GATES OF SLUMBER
logos/24783.jpg,ANGEL OF DAMNATION
logos/24868.jpg,UNSHINE
logos/24904.jpg,ETERNAL BREATH
logos/24905.jpg,MORSGATT
logos/24907.jpg,IMPERIA
logos/24912.jpg,NECROTIC DISGORGEMENT
logos/24933.jpg,DIFER NOM BASTA
logos/24946.jpg,TOTEM
logos/24949.jpg,INFESTUS
logos/24952.jpg,BELFEGORE
logos/24955.jpg,WROK
logos/24971.jpg,LEGION
logos/25073.jpg,WALL RED MURDER
logos/25089.jpg,TAUTHR
logos/25091.jpg,LISTERIA
logos/25143.jpg,DEVIL ON EARTH
logos/25153.jpg,DEADCLAW
logos/25158.jpg,BESTIAL
logos/25168.jpg,CRIFOTOURE SATANARDA
logos/25189.jpg,THE OCEAN COLLECTIVE
logos/25197.jpg,HORN OF VALERE
logos/25216.jpg,RIMTHURS
logos/25265.jpg,FAITHBOMB
logos/25294.jpg,EXTREME VIOLENCE
logos/25299.jpg,SEPULCRO
logos/25302.jpg,RELLIK
logos/25332.jpg,UMBAH
logos/25349.jpg,UNTERWALD
logos/25394.jpg,YAOTZIN
logos/25395.png,WINTER OF LIFE
logos/25419.jpg,NECROPHILE
logos/25460.png,SPLIT HEAVEN
logos/25476.jpg,NOCTURNAL EVIL
logos/25481.jpg,DEAD BEYOND BURIED
logos/25518.jpg,THE RAYS OF THE SUN
logos/25560.jpg,MALICE
logos/25598.jpg,NIHIL OBSTAT
logos/25605.jpg,MOLOT VEDIM
logos/25630.png,ANTAGON
logos/25672.jpg,CREMASTER
logos/25674.jpg,PROFEZIA
logos/25713.jpg,THE RANSACK
logos/25734.png,HARM
logos/25749.jpg,OSCURIDAD
logos/25775.jpg,FASTKILL
logos/25779.jpg,MUSSORGSKI
logos/25796.jpg,DEVIATED INSTINCT
logos/25853.jpg,ABHORRENT
logos/25878.jpg,NIGHT ETERNAL
logos/25880.gif,DAVE SLAVE
logos/25881.jpg,INFERI
logos/25884.jpg,BLIZZARD
logos/25886.jpg,IRAE
logos/25900.jpg,RINGARE
logos/25914.jpg,EMPYREAN ECLIPSE
logos/25917.jpg,GOTHIC SKY
logos/25929.jpg,POSTHUMOUS BLASPHEMER
logos/25938.jpg,NEWBREED
logos/25949.jpg,LECHIA
logos/25976.jpg,GHEESTENLAND
logos/26022.jpg,JANVS
logos/26027.jpg,INFERNAL WAR
logos/26050.jpg,SPELLCRAFT
logos/26053.jpg,PANDEMIC GENOCIDE
logos/26085.jpg,WITH DEAD HANDS RISING
logos/26115.jpg,EMBRACE OF THORNS
logos/26117.gif,NECROMESSIAH
logos/26134.jpg,FORGOTTEN WINTER
logos/26136.gif,TERRORDROME
logos/26148.jpg,KARL SANDERS
logos/26160.jpg,PERCIVAL SCHUTTENBACH
logos/26220.jpg,THE EXPLOITED
logos/26229.jpg,BLASPHEMER
logos/26243.jpg,MEPHISTOPHELES
logos/26253.jpg,ALVERG
logos/26257.jpg,OBSCURO
logos/26294.jpg,RATOR
logos/26295.jpg,CREPAR
logos/26310.jpg,ORMGARD
logos/26360.jpg,SUSPYRE
logos/26385.jpg,DISCHARGE
logos/26403.jpg,LOBOTOMIA
logos/26427.jpg,VENIA
logos/26428.jpg,MASSIVE ASSAULT
logos/26438.jpg,KREMATORIUM
logos/26440.jpg,DIRTY INFAMOUS
logos/26476.jpg,VINDEX
logos/26494.jpg,RETALIATORY
logos/26508.jpg,ANIMALS KILLING PEOPLE
logos/26519.jpg,REMORSE
logos/26558.jpg,CRUCIFIED MORTALS
logos/26586.jpg,PAGAPU
logos/26599.jpg,UNHOLY CRUCIFIX
logos/26603.jpg,ULCERATION
logos/26608.jpg,ANGER AS ART
logos/26614.jpeg,TIMELESS MIRACLE
logos/26634.jpg,CELESTIIAL
logos/26651.jpg,AUTUMNIA
logos/26682.gif,PROPHECY
logos/26688.png,EDEN WEINT IM GRAB
logos/26706.jpg,LEAVES EYES
logos/26747.jpg,HATE SQUAD
logos/26756.jpg,ZERO NINE
logos/26766.jpg,SAEKO
logos/26830.jpg,AT RADOGOSTS GATES
logos/26869.jpg,VEDOVA
logos/26883.jpg,SUFFOCATE BASTARD
logos/26896.jpg,AGORHY
logos/26910.jpeg,VERNICHTUNGSKAMP
logos/26955.jpg,TOTAL HATE
logos/26962.png,AZMAVETH
logos/26981.jpg,KRATER
logos/27029.jpg,DARK HAUNTERS
logos/27038.jpg,UNDERNEATH
logos/27044.gif,BESTYMATOR
logos/27072.jpg,VREID
logos/27107.jpg,GORTAL
logos/27168.gif,UFOMAMMUT
logos/27251.jpg,BOMBENSTURM
logos/27258.png,EVIL DAMN
logos/27261.jpg,ANCESTRAL
logos/27263.jpg,PARAKLETOS
logos/27264.jpg,LOINCLOTH
logos/27285.jpg,ARCTIC FLAME
logos/27304.jpg,ETHEREAL WOODS
logos/27310.png,ELIAS VILJANEN
logos/27326.jpg,BAPHOMETH
logos/27327.png,GRIMLET
logos/27357.jpg,SYSTEM SHOCK
logos/27419.jpg,CHAOSFEAR
logos/27421.jpg,BOOK OF REFLECTIONS
logos/27456.jpg,GRIM WINTER
logos/27473.jpg,PESTIFERIUM
logos/27483.jpg,FOMORII
logos/27495.jpg,MOURNING DAWN
logos/27517.png,AUGURY
logos/27518.png,MORTEM
logos/27521.jpg,A O D
logos/27595.png,BRILLIANT COLDNESS
logos/27633.gif,BRUME DAUTOMNE
logos/27644.jpg,ENTE
logos/27655.jpg,GENITAL DEFORMITIES
logos/27665.png,ABSENTIA LUNAE
logos/27693.jpg,RUMPELSTILTSKIN GRINDER
logos/27710.jpg,CALLISTO
logos/27714.png,SKILTRON
logos/27728.gif,AUTUMNS END
logos/27745.jpg,PROHIBITORY
logos/27761.jpg,BABOON RISING
logos/27763.png,NIRNAETH
logos/27790.png,EXTERMINIO
logos/27799.jpg,ARISTAEUS
logos/27820.jpg,TREZOR
logos/27821.png,ABYSMAL DAWN
logos/27854.jpg,ATHOTORGH
logos/27862.jpg,AQUERONTE
logos/27871.gif,BRAIN DEAD
logos/27891.gif,NARSAMUM
logos/27911.jpg,SUICIDAL ANGELS
logos/27918.jpg,TRAGEDIAN
logos/27938.jpg,EDUCATED SCUM
logos/27991.jpg,TO ARKHAM
logos/28017.png,ORIONS REIGN
logos/28021.jpg,SYPER FORCE
logos/28029.jpg,DAY SIX
logos/28044.jpg,HELLGOAT
logos/28087.jpg,HOATH
logos/28136.jpg,MRAK
logos/28140.jpg,MORGART
logos/28155.gif,SARPANITUM
logos/28254.jpg,POST LIFE DISORDER
logos/28280.jpg,END OF MAN
logos/28357.jpg,LUNARSEA
logos/28388.jpg,CIRCUS OF DAMNATION
logos/28404.jpg,MELEKTAUS
logos/28431.jpg,ELD
logos/28434.jpg,SPARTO
logos/28460.jpg,GOREINHALED
logos/28466.jpg,CRYPTIC MALEDICTION
logos/28478.jpg,BAEKDOOSAN
logos/28490.jpg,MINDFEEDER
logos/28491.jpg,DICKLESS TRACY
logos/28494.jpg,ARADIA
logos/28500.jpg,HYUBRIS
logos/28517.jpg,USUD
logos/28520.jpg,SADO SATHANAS
logos/28527.jpg,PROSATANOS
logos/28548.jpg,SILVER FIST
logos/28550.jpg,STRESS
logos/28554.jpg,INFANTICIDE
logos/28560.jpg,PRESTO VIVACE
logos/28565.jpg,MELEJ
logos/28582.jpg,DUNKELL REITER
logos/28588.jpg,REDEMPTION
logos/28635.jpg,CAMEL OF DOOM
logos/28640.jpg,COMATOSE
logos/28659.jpg,OPVS LEVIATHAN
logos/28678.gif,MORIA
logos/28702.png,ARTES NEGRAS
logos/28704.jpg,ROOTS OF ROT
logos/28737.jpg,MY MINDS MINE
logos/28739.jpg,ROSE ROSE
logos/28741.jpg,GORRENJE
logos/28743.jpg,DISGUST
logos/28752.gif,LOTHLORYEN
logos/28769.jpg,SODOMA
logos/28773.jpg,MORTAL WISH
logos/28806.jpg,DELIRIUM
logos/28826.jpg,ILDRA
logos/28876.jpg,DEMOGORGON
logos/28907.png,CARACH ANGREN
logos/28942.jpg,MASSENVERNICHTUNG
logos/28993.jpg,SIMBIOSE
logos/28996.jpg,WORMFOOD
logos/29052.jpg,ANNTHENNATH
logos/29085.png,DEADBORN
logos/29115.png,GAINA
logos/29125.jpg,DISDAIN
logos/29135.jpg,DEAD
logos/29139.jpg,NARKAN
logos/29147.jpg,GENITAL GRINDER
logos/29184.gif,FULL DECAY
logos/29187.jpg,DETHRONER
logos/29195.jpg,CELLADOR
logos/29198.png,LOSS
logos/29217.jpg,EVIL EMPEROR
logos/29241.jpg,H C MINDS
logos/29249.jpg,ECLIPSE
logos/29296.jpg,LA BRUJA
logos/29347.jpg,MILLENIUM
logos/29386.png,FORCE OF DARKNESS
logos/29417.jpg,EVIL EMPIRE
logos/29434.png,DECIMATION
logos/29438.jpg,CERTERA
logos/29531.jpg,TANKE
logos/29557.jpg,KINTRAL
logos/29587.gif,LOST LIFE
logos/29632.jpg,GAMMADION
logos/29654.jpg,TEOFOBIA
logos/29726.jpg,IMPERIUM INFERNALIS
logos/29727.jpg,HELLIAS
logos/29759.jpg,KARAKEDI
logos/29761.jpg,DRAMATVM
logos/29772.jpg,BOARDERS
logos/29775.jpg,URT
logos/29808.jpg,RITUAL SACRIFICE
logos/29809.jpg,ZYGOATSIS
logos/29836.png,MEGATON
logos/29847.jpg,OJOS NEGROS
logos/29915.jpg,ABYSMAL DARKENING
logos/29983.jpg,RDX
logos/30045.jpg,MALEFICU SANTIFICATU
logos/30048.jpg,PROCAOS
logos/30060.jpg,PACAL
logos/30091.gif,DELTA
logos/30100.jpg,DEMONOMANCY
logos/30131.gif,LOINEN
logos/30152.png,WAR FOR WAR
logos/30156.jpg,CREATED TO KILL
logos/30207.jpg,HERPES
logos/30210.jpg,GOMORY
logos/30215.jpg,PRIPEGAL
logos/30275.jpg,EROTTICA
logos/30291.jpg,WRECK OF THE HESPERUS
logos/30313.jpg,TODGEWEIHT
logos/30363.jpg,ETERNITY
logos/30370.jpg,LORD FOUL
logos/30385.jpg,SAMHAIN
logos/30403.jpg,GOATMOON
logos/30436.gif,RIGOR SARDONICOUS
logos/30473.jpg,HATRED
logos/30475.jpg,DEWFALL
logos/30483.jpeg,WALKYRYA
logos/30513.jpg,NAMTER
logos/30535.gif,HELLHOUND
logos/30554.jpg,DECIMATOR
logos/30564.jpg,DEFEAT
logos/30576.jpg,MIDGARD
logos/30587.jpg,INANNA
logos/30605.jpg,KTULU
logos/30621.jpg,PROCER VENEFICUS
logos/30646.jpg,DUEL
logos/30685.png,NEBIROS
logos/30704.jpg,INFERNAL LEGION
logos/30749.png,EWIGHEIM
logos/30756.jpg,AWAITING THE RAIN
logos/30863.png,SLEJPNIR
logos/30869.jpg,VLE
logos/30905.jpg,LIGHTNING SWORDS OF DEATH
logos/30945.jpg,MISANTROPICAL PAINFOREST
logos/30963.jpg,ORNE
logos/30970.jpg,HAMKA
logos/30994.gif,BERGRAVEN
logos/30998.jpg,FOLKEARTH
logos/30999.jpg,MOVARBRU
logos/31005.jpg,DRAKONIAN AGE
logos/31027.jpg,MEPHIZTOPHEL
logos/31044.jpg,WOMB OF MAGGOTS
logos/31066.jpg,POSTNECRUM
logos/31076.jpeg,PSICOFONIA
logos/31150.jpg,NOLTEM
logos/31177.jpg,UNREAL OVERFLOWS
logos/31192.jpg,NOSFERATU
logos/31195.jpg,LEISHMANIASIS
logos/31223.jpg,EMBLAZONED
logos/31257.png,ETERNAL LEGACY
logos/31277.jpg,IVORY
logos/31307.jpg,INDUKTI
logos/31351.jpg,HAVOC
logos/31391.jpg,TOXOCARA
logos/31414.jpg,CRISANDEMIA
logos/31438.jpg,BRAINWASH
logos/31444.jpg,PIGSTY
logos/31457.jpg,VELOCET
logos/31469.jpg,HORDAGAARD
logos/31510.jpg,BUSTUM
logos/31515.jpg,GWAR
logos/31516.jpg,ABATE MACABRO
logos/31532.jpg,OBLITERATION
logos/31571.jpg,SARCOMA
logos/31618.jpg,BEHELAL
logos/31619.jpg,FUNERAL RAPE
logos/31620.jpg,THY CATAFALQUE
logos/31624.jpg,ILLAPA
logos/31649.jpg,ATRORUM
logos/31676.jpg,THE ABSENCE
logos/31736.jpg,LEICHENZUG
logos/31768.jpg,DARK AUTUMN HYMNS
logos/31831.png,DREADMOON
logos/31868.jpg,OUTRAGE
logos/31975.jpg,MOLPHAR
logos/31976.jpg,DARKNESS ENSHROUD
logos/31997.gif,ANORRECTAL PROTUBERANCE
logos/32000.jpg,MARTYRVORE
logos/32048.gif,PERTNESS
logos/32052.jpg,MALHKEBRE
logos/32074.jpg,KRAMP
logos/32112.jpg,WINGED
logos/32181.jpg,UZIEL
logos/32185.jpg,FAHRENHEIT
logos/32190.jpg,HANDS OF DOOM
logos/32262.jpg,CRIKEY
logos/32310.jpg,MORBUS MUNDI
logos/32319.jpg,BAXAXA
logos/32328.jpg,VASSAFOR
logos/32351.jpg,RANCOR
logos/32379.jpg,THE LAST KNELL
logos/32388.jpg,HOLOCAUSTO
logos/32408.png,EMBALMED
logos/32420.jpg,ANIMUS MORTIS
logos/32461.jpg,SINFUL
logos/32565.jpg,RAVENDARKS MONARCHAL CANTICLE
logos/32573.jpg,SARCOPHAGY
logos/32599.jpg,AD ASTRA
logos/32621.jpg,WITHERED
logos/32632.jpg,DEADBIRD
logos/32640.jpg,DISCREATION
logos/32669.jpg,GASSTURM
logos/32680.jpg,SHEILAN
logos/32686.jpg,INSECTICIDE
logos/32705.jpg,SEPSIS
logos/32715.png,CIRCUS MAXIMUS
logos/32733.jpg,OPERATIKA ELEMENT
logos/32749.jpg,SILBERBACH
logos/32789.jpg,HAIVE
logos/32797.jpg,GARDEN OF WORM
logos/32799.png,AGRYPNIE
logos/32822.jpg,LALU
logos/32825.png,JEREMY
logos/32830.gif,REALITY GREY
logos/32839.jpg,URNA
logos/32861.png,SCAR SYMMETRY
logos/32874.jpg,WARDEATH
logos/32924.jpg,INSURRECTION
logos/32934.jpg,CODE
logos/32961.jpg,DOR FEAFAROTH
logos/33051.jpg,DEVASTATOR
logos/33075.jpg,RECRUCIDE
logos/33076.jpg,AS LIGHT DIES
logos/33086.jpg,IN VAIN
logos/33148.jpg,LINGCHI
logos/33164.gif,VALKYRJA
logos/33176.jpg,TOXIC BONKERS
logos/33183.jpg,SOLACE OF REQUIEM
logos/33195.jpg,INFECTED
logos/33278.jpg,HOKUM
logos/33287.gif,STINKING LIZAVETA
logos/33309.jpg,TEARS OF MARTYR
logos/33314.gif,WOLFSSCHANZE
logos/33375.jpg,HATE PROFILE
logos/33399.jpg,HAMMERHEAD
logos/33410.jpg,DISAFFECTED
logos/33449.jpg,SERMONT
logos/33467.jpg,ISOLE
logos/33473.jpg,P H O B O S
logos/33479.jpg,DESILLUSION
logos/33484.jpg,LIMPERO DELLE OMBRE
logos/33513.jpg,ARGOS
logos/33617.png,SCUM
logos/33651.jpg,EZGAROTH
logos/33679.jpg,THE BRAINDEAD
logos/33682.jpg,GLORY FATE
logos/33691.jpg,VEMOTH
logos/33694.jpg,TROOPS OF DEATH
logos/33696.jpg,ACRIMONIOUS
logos/33707.jpg,AVATHAR
logos/33730.jpg,UDK
logos/33750.gif,EVENT
logos/33761.jpg,MAHAVATAR
logos/33797.jpg,DISFIGURED CORPSE
logos/33867.png,CRYSTAL VIPER
logos/33891.jpg,SAVIOUR
logos/33899.gif,JERKSTORE
logos/33921.jpg,HOMICIDAL
logos/33927.jpg,REQUITAL
logos/33928.jpg,ANGEL
logos/33950.jpg,PRESIDENT EVIL
logos/33985.jpg,SINISTHRA
logos/34013.jpg,TORBEN ENEVOLDSEN
logos/34038.jpg,SEVERE STORM
logos/34085.jpg,ABSTRACT ESSENCE
logos/34104.gif,INNOMINANDUM
logos/34107.jpg,AZZIARD
logos/34110.jpg,FETAL DECAY
logos/34119.jpg,ALLTHENIKO
logos/34123.jpg,MORS SUBITA
logos/34165.jpg,DYSMORFIC
logos/34218.jpg,ANCESTORS BLOOD
logos/34230.png,INQUISIDOR
logos/34233.jpg,TARAN
logos/34244.png,EKOVE EFRITS
logos/34256.jpg,HALCYON WAY
logos/34273.gif,MESSALINE
logos/34297.png,KRAANIUM
logos/34320.jpg,CRYING BLOOD
logos/34344.jpg,SPIRITS BREEZE
logos/34411.jpg,AMAZARAK
logos/34427.jpg,REMEMBRANCE
logos/34453.jpg,EITHEL SIRION
logos/34524.jpg,MORGANA
logos/34543.jpeg,POWERWOLF
logos/34570.jpg,ELEMENT
logos/34574.jpg,BLACK MASQUERADE
logos/34611.jpg,DIVINE SYMPHONY
logos/34659.jpg,LORD VAMPYR
logos/34723.jpg,HAVOK
logos/34795.jpg,GODLESS CRUELTY
logos/34828.jpg,DOOMRAISER
logos/34852.jpg,MICHAEL HARRIS
logos/34862.jpg,BLUDGEON
logos/34879.jpg,ORDALIUM
logos/34890.png,HILDR VALKYRIE
logos/34901.jpg,SKAUR
logos/34916.jpg,SACRILEGIO
logos/34938.gif,REST IN GORE
logos/34968.jpg,ARS AMANDI
logos/34998.jpg,MY PLAGUE
logos/35034.png,DESOLATE
logos/35080.jpg,THE TRUE WERWOLF
logos/35182.png,LACEPHALE
logos/35192.jpg,VIKE TARE
logos/35194.jpg,DEATHLESS
logos/35202.jpg,THE DOWNSPIRAL TO HELL
logos/35224.jpg,SUICIDE WATCH
logos/35261.png,HITHLUM
logos/35282.jpg,NECROCOCK
logos/35287.png,UNVEILED
logos/35303.jpg,CHAINSAW DISSECTION
logos/35312.jpg,NEAR DEATH CONDITION
logos/35366.jpg,FJOERGYN
logos/35373.jpg,AZRAELS BANE
logos/35422.jpg,DEATHFARE
logos/35429.jpg,BELIAR
logos/35443.jpg,LORD ABATTOIR
logos/35470.jpg,IPERYT
logos/35503.jpg,THE SEVENTH
logos/35516.jpg,MANIPULATION
logos/35518.jpg,BEYOND MORTAL DREAMS
logos/35519.jpg,BETOKEN
logos/35533.jpg,EDGE OF SPIRIT
logos/35541.jpg,KOMA
logos/35557.jpg,AGE OF AGONY
logos/35615.jpg,TRYTAN
logos/35623.jpg,EVERFLOW
logos/35631.jpg,WARBLOOD
logos/35652.jpg,SVART HAT
logos/35661.jpg,OBDURATED
logos/35678.jpg,HAMMER
logos/35707.jpg,AMETHYS
logos/35715.jpg,VALSANS
logos/35732.jpg,ETERNAL
logos/35741.jpg,WOLVES IN THE THRONE ROOM
logos/35759.jpg,KRODA
logos/35773.jpg,BENEATH THE MASSACRE
logos/35777.png,APRIL MORNING
logos/35779.jpg,SHOCK
logos/35825.jpg,ADMONISH
logos/35836.jpg,ANGKOR VAT
logos/35882.jpg,BLOW JOB
logos/35895.jpg,VOMINATION
logos/35916.jpg,DERDIAN
logos/35928.jpg,BLUTAAR
logos/35951.jpg,DEGIAL
logos/35970.jpg,ANTICIPATE
logos/35972.jpg,COLD FULLMOON
logos/36019.jpg,OSMI PUTNIK
logos/36050.gif,DEAD REPTILE SHRINE
logos/36100.jpg,SAPREMIA
logos/36140.jpg,ARTISIAN
logos/36158.jpg,GORT
logos/36177.jpg,DISMORTAL
logos/36182.jpg,END OF YOU
logos/36201.jpg,MONARCH
logos/36237.gif,BLACK BEAST
logos/36246.jpg,ABUSUS
logos/36251.jpg,WOLFSSCHREI
logos/36304.jpg,LILITHS MORTUARY
logos/36330.jpg,ABSKE FIDES
logos/36336.jpg,LATHSPELL
logos/36355.png,IMPERIUM DEKADENZ
logos/36359.jpg,HYPERBOREA
logos/36385.jpg,WINTERMOON
logos/36410.gif,NOCTAMBULISM
logos/36455.jpg,THE ELECTRIC HELLFIRE CLUB
logos/36477.jpg,STEEL TEMPLE
logos/36550.jpg,AZAZIL
logos/36562.jpg,HEBOSAGIL
logos/36564.png,NORDGLANZ
logos/36575.jpg,WARBASTARD
logos/36586.jpg,SACRED BLOOD
logos/36601.png,MEIN KAMPF
logos/36666.png,VULTURE INDUSTRIES
logos/36668.jpg,OF FORSAKEN DIVINITY
logos/36712.jpg,HEMATOVORE
logos/36718.png,HAMLET
logos/36723.jpg,INTRONAUT
logos/36787.png,SAATTUE
logos/36825.jpg,MORBIUS
logos/36832.jpg,MASS INFECTION
logos/36859.jpg,BRIEF RESPITE
logos/36876.jpg,DEAD TO THIS WORLD
logos/36988.jpg,SUBHUMAN
logos/37038.jpg,ONCE DEAD
logos/37130.jpg,DOWN FROM THE WOUND
logos/37164.jpg,THE LIQUESCENT HORROR
logos/37297.jpg,LUCERA
logos/37317.jpg,FESTERDAY
logos/37345.jpg,BLUTMOND
logos/37346.jpg,FREITOD
logos/37348.jpg,EXCALIBUR
logos/37365.jpg,EMERALD SUN
logos/37378.jpg,DESERT
logos/37383.jpg,INTOXICATED BLOOD
logos/37384.jpg,AUDIOVISION
logos/37408.jpg,SULPHUR
logos/37438.jpg,RAINTIME
logos/37443.jpg,MENTAL CARE FOUNDATION
logos/37454.png,THY FLESH
logos/37461.jpg,FACADA
logos/37465.jpg,EFFIGY
logos/37538.jpg,CRUENT
logos/37556.jpg,SANDALINAS
logos/37568.jpg,HELLDRUNK
logos/37576.jpg,MORBID DARKNESS
logos/37604.jpg,DESPONDENT CHANTS
logos/37654.jpg,MORDASTIGMATA
logos/37670.gif,GJALLARHORN
logos/37693.jpg,ELGIBBOR
logos/37695.jpg,CALM HATCHERY
logos/37721.jpg,BEYOND FEAR
logos/37724.jpg,LADY SADNESS
logos/37728.gif,VIGILIA MORTUM
logos/37774.jpg,DROWNED IN BLOOD
logos/37779.jpg,EYECULT
logos/37809.jpg,FUNERAL CULT
logos/37821.jpg,EVILTHORN
logos/37828.jpg,FAIRYTALE
logos/37845.png,POSESSION
logos/37863.jpg,KIRCHENBRAND
logos/37878.jpg,KERMANIA
logos/37889.jpg,ATRIUM NOCTIS
logos/37917.png,AION
logos/37920.jpg,VOMITRON
logos/38023.jpg,CARCAVA
logos/38025.jpg,MUDRA
logos/38064.jpg,DATURA
logos/38072.jpg,CINIS
logos/38119.jpg,FROZEN MIST
logos/38152.gif,PARTAKRIST
logos/38161.jpg,CHAROGNE
logos/38179.jpg,SAM KAZEROONI
logos/38215.jpg,IMPERY
logos/38227.jpg,AMPUTATED GENITALS
logos/38265.jpg,HORDAK
logos/38408.png,NIGHTBRINGER
logos/38431.png,ZURISADAI
logos/38444.jpg,EPYDEMYC
logos/38455.jpg,DYNAHEAD
logos/38491.jpg,AXTON
logos/38492.jpg,INVERTED PENTAGRAM
logos/38510.jpg,BEHIND ENEMY LINES
logos/38525.jpg,FATUM
logos/38552.png,PACTUM
logos/38762.jpg,DIABLO SWING ORCHESTRA
logos/38764.jpg,IN MOURNING
logos/38784.jpg,GRIMFAITH
logos/38820.jpg,NAFRAT
logos/38869.jpg,HAGL
logos/38877.gif,SPLATTERED CAVITIES
logos/38947.jpg,ULTRATUMBA
logos/38994.jpg,ARS MORIENDI
logos/39034.jpg,CANCERBERO
logos/39045.jpg,HELLSPAWN
logos/39086.jpg,AWAKING THE GODS
logos/39137.jpg,THE SORCERER
logos/39161.gif,PEGASUS
logos/39162.jpg,INFEST
logos/39163.jpg,BILOCATE
logos/39179.jpg,DEIPHAGO
logos/39195.jpg,ANTI
logos/39198.jpg,ORLAG
logos/39220.jpg,CONSUME
logos/39230.jpg,KHORS
logos/39251.jpg,STORMCHILD
logos/39378.jpg,PAGANFIRE
logos/39389.jpg,SADISTIC
logos/39397.jpg,MAZE OF EXTERMINATION
logos/39446.gif,METALLY INSANE
logos/39454.jpg,STEVE DO KYOON KIM
logos/39529.jpg,DEAD SHAPE FIGURE
logos/39533.jpg,STURMFRONT
logos/39599.jpg,ABSOLUTION
logos/39626.jpg,GUILD OF DESTRUCTION
logos/39655.jpg,DEMONIC CHORALS
logos/39656.jpg,SCATTERED REMAINS
logos/39734.jpg,DRAKHER
logos/39773.png,MESMERIZED
logos/39797.jpg,PLAGUE BEARER
logos/39826.jpg,TURBOSTILL
logos/39918.jpg,RADIATION SICKNESS
logos/39963.jpg,HANTAOMA
logos/39981.jpg,SOLA SVARTNAR
logos/40024.jpg,OBSCURE DEVOTION
logos/40037.jpg,TERRORIST KOMMANDO
logos/40038.jpg,WALQUIRIA
logos/40069.jpg,NIHILISTIKRYPT
logos/40086.gif,ARMAGEDDON
logos/40107.jpg,OF HUMAN BONDAGE
logos/40147.jpg,EROICA
logos/40158.jpg,POTENTIAL THREAT
logos/40168.jpg,CRIMSON ORCHID
logos/40172.jpg,DARKSTORM
logos/40208.jpg,ZONARIA
logos/40353.jpg,NOCTURNAL FEELINGS
logos/40423.jpg,ARKHA SVA
logos/40489.jpg,INFESTUS
logos/40511.gif,DISTRUST
logos/40546.jpg,THE WIZARD
logos/40564.gif,MORTUUS
logos/40645.jpg,MESMERIZED
logos/40706.png,STILLBIRTH
logos/40708.gif,ANCIENT DEATH
logos/40722.jpg,INSULTER
logos/40792.png,VERGE
logos/40898.jpg,AIWASS
logos/40918.jpg,SPIRIT TRACE
logos/40920.jpg,FROZEN MOON
logos/40940.jpg,CROM DUBH
logos/41009.jpg,INFEST
logos/41011.jpg,NEKROKRIST SS
logos/41195.png,VISCERA
logos/41205.jpg,MAR DE DOLOR
logos/41235.jpg,NELDORETH
logos/41242.gif,KORR
logos/41260.jpg,ATAVIST
logos/41264.jpg,ABSENTA
logos/41300.jpg,MAJSTER KAT
logos/41318.jpg,HYMEN OF DARKNESS
logos/41340.jpg,MOUTH OF THE ARCHITECT
logos/41348.jpg,MAHATMA
logos/41363.jpg,AVE LUCIFER
logos/41389.jpg,VEDMAK
logos/41415.jpg,TORCHE
logos/41467.jpg,NETRA
logos/41474.jpg,DEINOS MASTEMA
logos/41476.jpg,NOEKK
logos/41507.jpg,FUNERAL REVOLT
logos/41547.jpg,VIOLATE
logos/41548.jpg,XASTUR
logos/41579.jpg,ANGEL
logos/41598.png,OMINOUS SKY
logos/41640.jpg,PESTIS
logos/41641.jpg,WEDARD
logos/41682.jpg,OUR SURVIVAL DEPENDS ON US
logos/41762.jpg,NEOPLASMAH
logos/41769.jpg,CHARON
logos/41859.jpg,REVENGE
logos/41897.jpg,PURBAWISESA
logos/42070.jpg,BLASPHEMOUS
logos/42120.jpg,MAKE A CHANGE KILL YOURSELF
logos/42121.jpg,EDEN A D
logos/42123.jpg,THRONE OF MOLOK
logos/42127.jpg,AKELDAM
logos/42169.jpg,TIMES DEAD
logos/42210.jpg,WINDS OF PLAGUE
logos/42250.jpg,PUTRID RESURRECTION
logos/42286.jpg,DIRA MORTIS
logos/42392.jpg,DANIELE LIVERANI
logos/42420.jpg,ISKALD
logos/42461.gif,SORGNATT
logos/42476.jpg,YATROGENY
logos/42506.jpg,HERRATIK
logos/42590.jpg,KENAZ
logos/42612.jpg,VIOLENCIA
logos/42638.jpg,JOB FOR A COWBOY
logos/42662.jpg,SARRGH
logos/42677.jpg,AMORTICURE
logos/42683.jpg,FAITHFUL DARKNESS
logos/42759.jpg,MATRAZ
logos/42765.jpg,BLOODY HELL
logos/42903.jpg,INFERION
logos/42933.jpg,ULFENGARD
logos/42942.jpg,THE MAGIK WAY
logos/42946.jpg,BLUSTERY CAVEAT
logos/42949.gif,MYSTERIARCH
logos/43065.jpg,RIGOR MORTIS
logos/43127.jpg,FUELED BY FIRE
logos/43170.jpg,ARCHAIC ARGOT
logos/43175.jpg,ARMAGEDDON
logos/43186.jpg,DAMMERUNG
logos/43203.jpg,VORTEX
logos/43299.jpg,PIRANA
logos/43309.jpg,BLOOD TSUNAMI
logos/43467.jpg,INFERNAL NATURE
logos/43474.jpg,GOREPOFLESH
logos/43479.jpg,DARK FOREST
logos/43499.jpg,EMBRYONIC CRYPTOPATHIA
logos/43528.jpg,PESTIFEROUS
logos/43545.jpg,SOMBRE PRESAGE
logos/43557.jpg,AKASHAH
logos/43625.jpg,MORPHOSYS
logos/43664.jpg,HELLISH CROSSFIRE
logos/43665.jpg,CALIGINOSITY
logos/43671.jpg,DAKRYA
logos/43672.jpg,MORBID SIN
logos/43674.jpg,CARTHAUN
logos/43701.jpg,TH AWAKENING
logos/43733.jpg,MYGRAIN
logos/43734.jpg,ETHER
logos/43778.png,ABOMINABLE PUTRIDITY
logos/43835.jpg,MICTLAN
logos/43892.jpg,VERDUNKELN
logos/43903.gif,THY FEEBLE SAVIOUR
logos/43913.jpg,ABXENTA
logos/43946.gif,FAST TAKER
logos/44108.gif,FLOOR
logos/44154.jpg,SAHON
logos/44228.jpg,CEREBRAL COMA
logos/44276.jpg,GARDEN OF EDEN
logos/44281.jpg,RE ARMED
logos/44289.jpg,THE SUFFERING
logos/44339.jpg,GREEN DIVISION
logos/44354.jpg,ANGERTEA
logos/44388.jpg,CONCEIVED BY HATE
logos/44470.jpg,DIMENSSION
logos/44494.png,GOROD
logos/44557.jpg,ONSETCOLD
logos/44570.jpg,MEPHISTOPHELES
logos/44598.jpg,BAAL
logos/44612.jpg,HEKSERI
logos/44653.jpg,PHOBIC
logos/44713.jpg,ABSENTATION
logos/44720.gif,SATANICA
logos/44731.png,FUNERAL
logos/44756.jpg,BLACK ASTROLOGY
logos/44790.jpg,SOLAR FRAGMENT
logos/44794.jpg,DUNKELNACHT
logos/44832.jpg,PENITENZIAGITE
logos/44875.jpg,EXELSUS DIABOLI
logos/44877.jpg,SADIZTIK IMPALER
logos/44883.jpg,NEBUNAM
logos/44884.jpg,ASBEL
logos/44927.jpg,CUMBEAST
logos/45012.jpg,DRASTUS
logos/45053.jpg,EPITAPHIUM
logos/45078.jpg,PILLORY
logos/45084.jpg,VEIL OF MAYA
logos/45092.jpg,HOUSEBREAKING
logos/45113.jpg,SAKREFIX
logos/45114.jpg,NECROSADIST
logos/45121.jpg,SAHG
logos/45166.jpg,RUNENBLUT
logos/45259.jpg,EDGEND
logos/45300.gif,DRAUGSANG
logos/45315.jpg,G O R E
logos/45319.jpg,CRUEL
logos/45437.gif,RETRIBUTION
logos/45454.gif,SVAFNIR
logos/45459.gif,MECHANICAL CHAOS
logos/45462.jpg,AXUSS
logos/45476.jpg,VICTIMS
logos/45496.jpg,SOCIAL SHIT
logos/45499.jpg,EXTREMELY ROTTEN FLESH
logos/45502.png,DE FACTO
logos/45511.jpg,LIE IN RUINS
logos/45528.jpg,FLESHTORTURE
logos/45574.jpg,LYPEKTOMY
logos/45577.jpg,FLASHBACK OF ANGER
logos/45587.jpg,VULVATHRONE
logos/45588.jpg,MACBETH
logos/45614.jpg,ASTAROTH
logos/45645.jpg,BASTARD CHRIST
logos/45669.jpg,HEOROT
logos/45682.jpg,MY SILENT WAKE
logos/45718.jpg,GUILLOTINE
logos/45760.jpg,SPEEDTHEORY
logos/45799.jpg,APTORIAN DEMON
logos/45841.jpg,KYNESIS
logos/45861.png,CHAOTIC BASTARD
logos/46016.jpg,LENHADOR
logos/46024.jpg,LAKE OF DEPRESSION
logos/46049.jpg,PRIMEVAL MASS
logos/46112.jpg,BEYOND
logos/46132.jpg,OCCASVS
logos/46177.jpg,DENIGHT
logos/46183.jpg,FEKETE SEREG
logos/46241.jpg,HATETREND
logos/46275.jpg,SACRARIO
logos/46342.jpg,FOUL STENCH
logos/46375.jpg,CORONATUS
logos/46415.jpg,MOKER
logos/46418.jpg,VILLAINS
logos/46451.jpg,SOLACIDE
logos/46483.png,REX MUNDI
logos/46496.jpg,FREEZING DARKNESS
logos/46538.jpg,PURIFIED IN BLOOD
logos/46577.png,LLOTH
logos/46596.jpg,RIFFOBIA
logos/46617.png,MIDNIGHT
logos/46638.jpg,DEAD CHRIST CULT
logos/46650.jpg,NEKROMANTIE
logos/46658.png,THE UGLY
logos/46740.jpg,ANTIQUUS SCRIPTUM
logos/46777.jpg,NATTSMYG
logos/46795.jpg,DANTALION
logos/46812.jpg,SEVEN THORNS
logos/46813.jpg,TWITCH OF THE DEATH NERVE
logos/46818.jpg,WINTER HAZE
logos/46935.jpg,RIDDLE OF MEANDER
logos/47066.jpg,CASTILLOS DE CRISTAL
logos/47068.jpg,ANCIENT MYTH
logos/47085.png,LADY MACBETH
logos/47087.png,COR SCORPII
logos/47135.jpg,BLOODY CROSS
logos/47189.jpg,AKBAL
logos/47202.jpg,ANIMAL HATE
logos/47240.png,GLOOM
logos/47280.jpg,THUNDERKRAFT
logos/47423.jpg,BLASPHERIAN
logos/47473.jpg,THE GOLDEN AGE
logos/47480.jpg,LETARGO
logos/47481.gif,NUCLEAR
logos/47484.jpg,PANYCHIDA
logos/47513.jpg,SLANDER
logos/47580.png,MALIGNUM
logos/47581.jpg,THE VOID
logos/47601.jpg,WOLFKHAN
logos/47603.jpg,EAGLEHEART
logos/47619.jpg,THE RIGOR MORTIS
logos/47632.jpg,FLESH DISGORGED
logos/47666.jpg,CARDIANT
logos/47729.png,DAGON
logos/47743.jpg,MORTUUS CAELUM
logos/47757.jpg,SOUTH OF HEAVEN
logos/47793.png,BLASTING HATRED
logos/47836.jpg,SONIC SYNDICATE
logos/47843.jpg,FINALLY DECEASED
logos/47896.jpg,AGGRESSIVE TYRANTS
logos/47914.jpg,ANTHELION
logos/48030.gif,APOSTATE
logos/48056.jpg,WOLFCHANT
logos/48060.jpg,PROMENIA
logos/48102.jpg,ABLAZE IN HATRED
logos/48110.jpg,CARDIAC ARREST
logos/48193.jpg,UNDERDARK
logos/48201.png,VOTUM
logos/48204.jpg,ZORBOOTHUS
logos/48250.jpg,SIERPE
logos/48258.jpg,MONSANTO
logos/48266.png,THE CLASSIC STRUGGLE
logos/48269.jpg,SHAMANIC RITES
logos/48290.jpg,KREMATION
logos/48305.gif,RIDE FOR REVENGE
logos/48328.jpg,CRANIUM
logos/48367.jpg,MARC RIZZO
logos/48413.jpg,DRAUGLUIN
logos/48457.png,THE CRESCENTS
logos/48495.jpg,ARSEBREED
logos/48548.jpg,MOTHER OF SIN
logos/48568.jpg,SHAMBLES
logos/48609.gif,VENEREAL MESSIAH
logos/48614.jpg,REANIMATOR
logos/48635.jpg,UNDERNOISE
logos/48689.jpg,SOVVERSIVO
logos/48697.jpg,TRUTH CORRODED
logos/48767.jpg,THE ETERNAL PAIN
logos/48798.jpg,LYCANTHROPE
logos/48807.jpg,MALAS
logos/48822.png,FURTHER LO
logos/48839.jpg,SEA OF DESPERATION
logos/48940.jpg,OSWENZIM
logos/48977.jpg,LUCIFUGE ROFOCALE
logos/48980.gif,SARCOLYTIC
logos/49088.gif,HELCARAXE
logos/49198.jpg,DEADLY SPAWN
logos/49206.jpg,SIMONE FIORLETTA
logos/49210.gif,CIRCLE OF OUROBORUS
logos/49221.gif,VATICAN
logos/49248.jpg,ABITABYSS
logos/49273.gif,MOURNING
logos/49341.jpg,NECROTIC FLESH
logos/49346.jpg,NORDISK VELDE
logos/49401.jpg,VULGARIZER
logos/49445.jpg,WRETCH
logos/49544.png,SENDEROS DEL MAL
logos/49614.jpg,GALAR
logos/49617.jpg,FLUORYNE
logos/49631.jpg,EXIT WOUNDS
logos/49642.jpg,SKOGEN
logos/49650.jpg,SEKHMET
logos/49727.png,DUALITY
logos/49755.jpg,CHAOSBAPHOMET
logos/49883.jpg,PLASTIC GRAVE
logos/49924.gif,KATALEPSY
logos/50014.jpg,THE FALL OF EVERY SEASON
logos/50023.jpg,DEKADENT
logos/50057.jpg,REBELSKY
logos/50099.jpg,BATTLECROSS
logos/50174.jpg,SELVAGERIA
logos/50195.jpg,MISTRESS OF THE DEAD
logos/50235.jpg,THRESHOLD END
logos/50313.jpg,SUICIDAL
logos/50373.jpg,DAEMOGORGON
logos/50395.jpg,VALKYRIE
logos/50437.gif,BLACK COBRA
logos/50500.jpg,MINOTAURO
logos/50514.jpg,FROM FORGOTTEN BEING
logos/50784.gif,PROFANATOR
logos/50843.jpg,GIANLUCA FERRO
logos/50857.jpg,RAPTURE MESSIAH
logos/50893.jpg,CEASE OF BREEDING
logos/51033.jpg,EMPHERIS
logos/51089.jpg,DRIVHELL
logos/51113.jpg,RADICAL
logos/51148.gif,TEARDOWN
logos/51162.gif,EXHALE
logos/51277.png,EXULTET
logos/51310.jpg,VUOHIVASARA
logos/51445.gif,AKPHAEZYA
logos/51532.gif,MONARQUE
logos/51542.jpg,CURSED CHRIST
logos/51618.jpg,WOJCZECH
logos/51620.jpg,ESCARAVELHO DO DIABO
logos/51693.png,SAGENLAND
logos/51697.jpg,LETEO
logos/51702.gif,PAGAN SPIRIT
logos/51711.jpg,THE DROWNING
logos/51713.gif,DARK TRINITY
logos/51811.jpg,ESPIRITU DE HIERRO
logos/51827.gif,IMMACULATE
logos/51860.jpg,FUNERAL FORNICATION
logos/51864.jpg,ARACHNID
logos/51888.jpg,MINDLY ROTTEN
logos/51890.jpg,ENTRAILS MASSACRE
logos/51891.jpg,NECROSADIST
logos/51951.jpg,BOSQUE
logos/52002.jpg,MORIAN
logos/52016.png,MISTUR
logos/52078.jpg,YPERITE
logos/52099.jpg,FORGOTTEN GOD
logos/52109.jpg,SHOTGUN JUSTICE
logos/52135.jpg,SIN OF GOD
logos/52212.jpg,SPIDER KICKERS
logos/52218.jpg,EUTANOS
logos/52301.jpg,NETHESCERIAL
logos/52395.jpg,IN NOMINE BELIALIS
logos/52431.jpg,BESTIALIZED
logos/52486.jpg,RLYEH
logos/52523.png,EVIL ENTOURAGE
logos/52530.jpg,BLOODY PANDA
logos/52621.png,HELL BELL
logos/52663.jpg,IGNIS FATUUS
logos/52670.jpg,EVIL DARKNESS
logos/52689.jpg,METASTASIS
logos/52710.jpg,WANDERER
logos/52738.jpg,DEAD CENTRE
logos/52803.jpg,NOFUCK
logos/52817.jpg,GRAVESTONE
logos/52854.jpg,THE ETERNAL SUFFERING
logos/52912.jpg,ULCER
logos/52921.jpg,NAUSEA
logos/52972.jpg,ABORTED FETUS
logos/52997.gif,LIFETIMES
logos/53000.jpg,DIABOLICAL TORTURE
logos/53009.jpg,WEIDERVEREIHEGUNG
logos/53040.jpg,ARYAN HONOUR
logos/53047.jpg,DAWNRIDER
logos/53053.gif,BLEEDING FIST
logos/53063.jpg,LEGION OF THE DAMNED
logos/53071.jpg,DEVILISH IMPRESSIONS
logos/53161.jpg,JORMGRUN
logos/53290.gif,THE VERY END
logos/53306.jpg,GLADENFOLD
logos/53336.jpg,MICTLAN
logos/53338.jpg,OLD MAN GLOOM
logos/53362.jpg,TAIFA
logos/53441.jpg,EYEGOUGER
logos/53470.jpg,HARMONY FAULT
logos/53478.jpg,PERISYNTI
logos/53492.jpg,DISFIGURED
logos/53519.jpg,CORPORAL RAID
logos/53531.png,THE DEAD
logos/53546.jpg,BARBALANS
logos/53555.jpg,VULVARK
logos/53566.gif,HORMIGON
logos/53671.jpg,PACTA DEMONEAROUM
logos/53747.jpg,VINDICATOR
logos/53749.jpg,ABHOR
logos/53818.jpg,CROWHAVEN
logos/53857.jpg,NECROHOLOCAUST
logos/53989.png,WARBRINGER
logos/54015.jpg,AZRAEL RISING
logos/54085.jpg,BANISHER
logos/54104.jpg,SYNNOVE
logos/54111.gif,GOREALITY
logos/54127.jpg,MARYSCREEK
logos/54204.png,EVIL CHURCH
logos/54212.jpg,SHINING FEAR
logos/54235.png,ANGRIFF
logos/54297.jpg,DISSIDENT
logos/54304.jpg,SCAVANGER
logos/54362.jpg,IN INFERNAL WAR
logos/54370.jpg,SUBMERGED IN DIRT
logos/54445.jpg,VISCERA INFEST
logos/54494.jpg,FIRST REIGN
logos/54509.jpg,CRYSTALLION
logos/54549.gif,KATRINA JOHANSSON
logos/54579.jpg,MORGUE
logos/54619.jpg,NIGHTQUEEN
logos/54633.jpg,REDIMONI
logos/54690.png,HEIMDALLS WACHT
logos/54729.jpg,LAHYLAT
logos/54764.jpg,BLOODBOUND
logos/54835.jpg,EUFOBIA
logos/54905.jpg,SOLARWARD
logos/54924.jpg,DESCOMUNAL
logos/54950.png,PRELUDIO
logos/54971.jpg,DARK THE SUNS
logos/54995.jpg,REVAGE
logos/55021.jpg,NOCTURNES MIST
logos/55071.jpg,CRUSCIFIRE
logos/55081.jpg,REIDO
logos/55114.png,IMPERIAL
logos/55165.jpg,GRIMMDRASIL
logos/55170.jpg,MOONRISE
logos/55182.jpg,SORROWS PATH
logos/55230.jpg,CORROOSION
logos/55315.jpg,PHANEROSIS
logos/55319.jpg,VOODOMA
logos/55336.jpg,LAPIS NIGER
logos/55357.jpg,NERKROTH
logos/55379.png,BALFOR
logos/55436.jpg,CADAVEROUS INCARNATE
logos/55438.jpg,BEYOND THE NINTH WAVE
logos/55497.jpg,ULTIMO MONDO CANNIBALE
logos/55593.jpg,WAR PLAGUE
logos/55763.jpg,ETHELYN
logos/55764.gif,SLAKTARE
logos/55793.jpg,THE MORE I SEE
logos/55836.jpg,QUEST OF AIDANCE
logos/55988.jpg,NEKROS PERVERTOR
logos/56040.jpg,OMISSION
logos/56041.jpg,PALE HORSE
logos/56077.jpg,ENIGMA
logos/56136.jpg,IMPENDING DOOM
logos/56187.jpg,BENEDICTUM
logos/56333.jpg,ALIEN SQUAD
logos/56368.jpg,STORMHEIT
logos/56384.jpg,IRATE ARCHITECT
logos/56386.jpg,SEPTEM CRUZ
logos/56654.jpg,MECH
logos/56757.jpg,KRV
logos/56762.jpg,EREVOS
logos/56763.gif,SEPTICOPYEMIA
logos/56821.jpg,EL ESTIGIO
logos/56845.gif,SOURPUZ
logos/56851.png,SVARTSOT
logos/56883.jpg,COATHANGER ABORTION
logos/56885.jpg,GRIEVING AGE
logos/56886.jpg,ENVENOM ASCENSION
logos/56925.jpg,FINGERNAILS
logos/56948.jpg,STEEL TRIDENT
logos/56951.gif,TENOCHTITLAN
logos/56965.gif,IN EMPTINESS
logos/57010.jpg,CIEL NORDIQUE
logos/57061.png,DEATHHAMMER
logos/57071.jpg,THE SWORD
logos/57108.jpg,DRONE
logos/57128.jpg,DICTATOR
logos/57152.jpg,SEKARAT
logos/57165.jpg,PICTURES OF PAIN
logos/57247.jpg,SUICIDE SOLUTION
logos/57321.jpg,PALACE
logos/57346.jpg,ALPTRAUM
logos/57380.jpg,SHATTERED HOPE
logos/57494.jpg,EXHUMER
logos/57499.png,KETZER
logos/57504.jpg,ENGINE DRIVEN CULTIVATORS
logos/57521.jpg,ANGELGOAT
logos/57625.jpg,GODLESS RISING
logos/57664.jpg,CAILLECH
logos/57745.jpg,SJODOGG
logos/57793.jpg,NIGHT OF SUICIDE
logos/57801.gif,DEMIURGE
logos/57802.jpg,NECROPSIS
logos/57826.jpg,ISCARIOTA
logos/57938.jpg,ASTRODUST
logos/57963.jpg,SOULWOUND
logos/58006.jpg,HOLOCAUST
logos/58042.jpg,DYSTER
logos/58056.jpg,INFAUST
logos/58059.jpg,STONEDIRT
logos/58061.jpg,WINTERLORE
logos/58076.jpg,SUPPURATION
logos/58118.jpg,NAILDOWN
logos/58192.jpg,BEYOND THE GRAVE
logos/58200.jpg,WINGS OF WAR
logos/58236.jpg,GALLOWS POLE
logos/58243.jpeg,ELECTROZOMBIES
logos/58271.png,BELLIGERENCE
logos/58311.jpg,HELLLIGHT
logos/58329.png,SARATAN
logos/58334.jpg,SPASMODIC
logos/58348.jpg,BLACK ASYLUM
logos/58354.jpg,DEATHKRUSH
logos/58377.gif,BLOODRED HOURGLASS
logos/58384.jpg,NEFARIOUS
logos/58388.jpg,CRIMINAL ELEMENT
logos/58390.jpg,MELENCOLIA ESTATICA
logos/58393.jpg,GREAT MASTER
logos/58400.png,TAARMA
logos/58403.jpg,REKUIEM
logos/58422.jpg,GREIFENSTEIN
logos/58493.jpg,DARK MIRROR
logos/58527.png,TERRODROWN
logos/58576.jpg,DAWN OF DEMISE
logos/58602.jpg,OBSCURE ANACHRONISM
logos/58603.gif,PSEUDOGOD
logos/58608.png,NOCTURNAL INVOCATION
logos/58610.jpg,PERVERSE MONASTYR
logos/58611.jpg,ARGUS MEGERE
logos/58613.jpg,CURSED CEMETERY
logos/58665.png,YMIR
logos/58671.jpg,SATANOCHIO
logos/58710.jpg,TIMELORD
logos/58722.jpg,FAETHON
logos/58778.jpg,GRAND NOCTURNE
logos/58807.jpg,INQUIRING BLOOD
logos/58809.jpg,MISANTHROPIA
logos/58821.jpg,KASTRATED
logos/58883.jpg,SINSTORM
logos/58895.jpg,WARFIST
logos/58913.gif,FIMBULTYR
logos/59062.jpg,SIMULACRUM
logos/59072.jpg,AMUK
logos/59211.jpg,DIABOLICAL RAW
logos/59256.jpg,MARSHALL
logos/59293.jpg,HEDOR
logos/59297.jpg,CROSS OF FEAR
logos/59352.png,BLEED FROM WITHIN
logos/59377.gif,THE SATANS SCOURGE
logos/59559.jpg,ONE MASTER
logos/59596.jpg,THROB OF OFFAL
logos/59600.jpg,DARK MANTHRA
logos/59660.jpg,CIRCLE OF AGONY
logos/59697.jpg,OSKAL
logos/59768.jpg,IRDORATH
logos/59773.gif,CODE OF PERFECTION
logos/59774.jpg,REDRUM
logos/59780.gif,MINISTRY
logos/59825.jpg,GIAMON
logos/59826.gif,DUSKEN
logos/59898.jpg,BAPHOMETS BLOOD
logos/59906.png,SWITCHBLADE
logos/59945.jpg,FRACTURED INSANITY
logos/59955.jpg,BLACK SYNDROME
logos/59972.jpg,HEMATOMA
logos/60021.jpg,SCAR OF THE SUN
logos/60073.jpg,VOMIT CHURCH
logos/60120.jpg,ARS DIAVOLI
logos/60204.jpg,RED CIRCUIT
logos/60243.jpg,VITAM ET MORTEM
logos/60344.jpg,CRONIAN
logos/60376.jpg,CRIMINAL HATE
logos/60414.jpg,TUBLATANKA
logos/60477.jpg,SATYRIAN
logos/60496.png,IHSAHN
logos/60528.png,SVART CROWN
logos/60559.png,CEPHALOTRIPSY
logos/60577.jpg,WITCHCRAFT
logos/60709.jpg,SOULSKINNER
logos/60796.jpg,SARCOSIS
logos/60799.jpg,QUINTA ESSENTIA
logos/60810.jpg,FUNERIUM
logos/60835.jpg,NEURASTHENIA
logos/60882.jpg,TODESRUNE
logos/60891.jpg,AGLAOMORPHA
logos/60967.jpg,DAY OF DOOM
logos/60988.jpg,DIVINE PUSTULENCE
logos/61065.jpg,RIVERA BOMMA
logos/61082.jpg,PAGAN ASSAULT
logos/61109.jpg,SELVMORD
logos/61119.jpg,REXOR
logos/61142.jpg,STIGMATA
logos/61203.jpg,SAGROS
logos/61222.jpg,CRYSALYS
logos/61230.jpg,GORIFIED
logos/61282.jpg,VOLUSPAA
logos/61332.gif,CONSPIRACY
logos/61385.jpg,TEARS OF MANKIND
logos/61421.png,INFERNAL EXECRATOR
logos/61452.jpg,BLACK FAITH
logos/61474.jpg,SKYDANCER
logos/61553.jpg,OPERA MAGNA
logos/61556.jpg,YANA RAYMI
logos/61560.jpg,SYPHILIC
logos/61583.jpg,UZIAS
logos/61680.png,BARBAROUS POMERANIA
logos/61812.jpg,INSANIAE
logos/61864.jpg,WILD
logos/61875.jpg,PAURA
logos/61924.jpg,QUADRIVIUM
logos/61949.jpg,XDEAD
logos/61955.jpg,LIGHTLESS MOOR
logos/62011.jpg,AKROMUSTO
logos/62056.jpg,MONASTERIO
logos/62151.jpg,ROBOT THE MIMBRE
logos/62257.jpg,IZGOI
logos/62267.jpg,STILLNESS BLADE
logos/62382.jpg,MYOPIA
logos/62497.jpg,ELIMI
logos/62594.png,INFERIS
logos/62722.jpg,TAAK
logos/62761.jpg,FINSTERFORST
logos/62783.jpg,MODUS DELICTI
logos/62862.jpg,LET IT FLOW
logos/62938.jpeg,ARKAN
logos/62955.png,IRON WOODS
logos/62980.jpg,HORDA
logos/62988.jpg,JAHRESRINGE
logos/63035.jpg,MYRKVAR
logos/63075.jpg,AMENRA
logos/63094.jpg,DISCHORD
logos/63100.jpg,OBSCURA
logos/63112.jpg,LARRY ZAVALA
logos/63149.jpg,EILERA
logos/63203.jpg,RAICES MUERTAS
logos/63235.jpg,TERDOR
logos/63238.jpg,INNERHATE
logos/63252.jpg,HEAD KRUSHER
logos/63316.jpg,SAD
logos/63328.jpg,CEREBRUM
logos/63385.jpg,DEATHSCYTHE
logos/63438.jpg,MONS VENERIS
logos/63568.jpg,CHAOS SYNOPSIS
logos/63712.jpg,MANIERISME
logos/63770.jpg,ABISMO DE LUCIFER
logos/63782.jpg,BETRAYAL
logos/63803.jpg,SVARTGREN
logos/63866.jpg,DAWN OF DESTINY
logos/63903.jpg,SPOIL ENGINE
logos/63921.jpg,VEHEMENTER
logos/63996.jpg,JIG AI
logos/64071.jpg,EIBON LA FURIES
logos/64087.png,EX DEMENTIA
logos/64125.jpg,BENIGHTED IN SODOM
logos/64142.jpg,WAXEN
logos/64159.jpg,MENTAL APRAXIA
logos/64208.jpg,HOMSELVAREG
logos/64309.png,MOTORJESUS
logos/64328.jpg,END TIME ILLUSION
logos/64383.jpg,VISTHIA
logos/64509.png,TARGET
logos/64518.gif,MIASMA
logos/64537.jpg,SATANIC LUST
logos/64541.jpg,EVIL WRATH
logos/64551.jpg,LOST GRAVEYARD
logos/64557.jpg,CRIPTA OCULTA
logos/64663.gif,WRATHBLADE
logos/64675.jpg,KENOMA
logos/64687.jpg,MASTERY
logos/64723.jpg,WAKING THE CADAVER
logos/64862.jpg,SONDOR
logos/64882.jpg,CHTHONIAN
logos/64928.jpg,CUCHILLA GRANDE
logos/64967.jpg,KARTIKEYA
logos/65133.jpg,BANISHMENT
logos/65176.jpg,EVISCERATED
logos/65307.jpg,MASOCHIST
logos/65331.jpg,ASCHENGLAS
logos/65335.jpg,HUMAN HEAD
logos/65375.jpg,ACHSAR
logos/65379.jpg,MARBLE
logos/65414.jpg,ABYSSPHERE
logos/65515.gif,CARCAN
logos/65538.jpg,WANGELEN
logos/65577.jpg,SCOTT KELLY
logos/65578.jpg,STEVE VON TILL
logos/65645.jpg,ZAKLON
logos/65660.jpg,DAGGERSPAWN
logos/65677.jpg,GRAND SERMON
logos/65918.jpg,PHELAN
logos/65957.jpg,NIHIL KAOS
logos/65972.jpg,LORD OF PAGATHORN
logos/65994.jpg,NAASTRAND
logos/66195.jpg,DENIAL FIEND
logos/66202.gif,REPULSIVE DISSECTION
logos/66248.gif,STENTORIAN
logos/66287.jpg,PSYCHOPATHIC TERROR
logos/66394.jpg,STRYCTNYNE
logos/66761.jpg,HEADCRASHER
logos/66809.jpg,MARE
logos/66845.jpg,EJECUTOR
logos/66906.png,OVEROTH
logos/66933.jpg,PHAZE I
logos/66938.jpg,VON BRANDEN
logos/67006.jpg,MANIAC WINDS
logos/67082.jpg,ZANARKAND
logos/67217.jpg,SUNGODDESS
logos/67245.jpg,TENEBRIS
logos/67446.jpg,SHATTER MESSIAH
logos/67468.jpg,VELTHA
logos/67621.jpg,IMPERIO NOCTURNO
logos/67627.jpg,OPUS DIABOLI
logos/67636.jpg,KRIEGSGOTT
logos/67685.jpg,MIRTHLESS
logos/67784.jpg,KNIFE KILLER
logos/67896.png,A TORTURED SOUL
logos/67953.jpg,FUCK OFF AND DIE
logos/67954.jpg,NOSFERION
logos/67959.jpg,DAWN OF SOLACE
logos/68057.jpg,BAPHOMETS THRONE
logos/68059.jpg,DEATH TOLL K
logos/68079.gif,GRAUEN PESTANZ
logos/68110.jpg,IN TWILIGHTS EMBRACE
logos/68122.jpg,NETHERBIRD
logos/68155.jpg,NEIGE ET NOIRCEUR
logos/68293.jpg,DECREPIT CADAVER
logos/68353.jpg,GROND
logos/68408.jpg,DEMENTED
logos/68432.jpg,REEXAMINE
logos/68449.jpg,BRUMA OBSCURA
logos/68460.jpg,AZTRA
logos/68571.jpg,SEPTRION
logos/68582.jpg,IMYNVOKAD
logos/68704.jpg,SPECTRAL LORE
logos/68764.png,CUERO Y METAL
logos/68821.jpg,R I P
logos/68929.png,AKOMA
logos/68966.gif,AVSKY
logos/68985.gif,DEATH BREATH
logos/69010.jpg,ELOHIM
logos/69158.jpg,DEGENERHATE
logos/69271.jpg,HELLNIGHT
logos/69312.jpg,NITROUS
logos/69343.jpg,NONEXISTENCE
logos/69376.jpg,SOUNDER
logos/69416.jpg,MONIGO
logos/69417.png,FLESH CONSUMED
logos/69453.png,LO RUHAMAH
logos/69482.jpg,W A K O
logos/69484.jpg,BE PERSECUTED
logos/69506.jpg,THROUGH ART
logos/69546.jpg,ABSENCE OF THE SACRED
logos/69617.jpg,ANJOS DE SALEM
logos/69677.jpg,BURIED ALIVE
logos/69694.jpg,LASCOWIEC
logos/69700.jpg,CRAZY LAZY
logos/69759.jpg,VULCAN TYRANT
logos/69768.jpg,ALIEN DEVIANT CIRCUS
logos/69876.jpg,LEGACY
logos/69881.jpg,ARES
logos/69900.jpg,GENOCIDE
logos/69909.jpg,DYSGUSTED
logos/69940.gif,FUNERAL THRONE
logos/70034.jpg,WINTERS VERGE
logos/70123.jpg,MALMORT
logos/70139.jpg,DEAD JOKER
logos/70190.png,CULT OF FREY
logos/70198.jpg,CALIGVLA
logos/70210.jpg,GROUND ZERO SYSTEM
logos/70314.png,ORDINUL NEGRU
logos/70319.png,ORDOG
logos/70345.jpg,ASKE
logos/70423.png,ASTARIUM
logos/70428.jpg,ISARNHEIMR
logos/70453.jpg,ETERNAL BLEEDING
logos/70467.jpg,KINGDRAGON
logos/70695.jpg,GEXEROTT
logos/70716.jpg,CONSUMADO
logos/70724.jpg,UTGARD
logos/70747.jpg,ETERNITY
logos/70827.jpg,GANGRENA FEBROSA
logos/70834.jpg,ENOID
logos/70880.jpg,KATALEPSY
logos/70993.png,ADRANA
logos/71078.jpg,ATROCIA
logos/71206.jpg,HELLRAZOR
logos/71207.jpg,MOONLOOP
logos/71210.jpg,WULFGAR
logos/71251.jpg,STERNATIS
logos/71378.jpg,NOKTIIS ETERNA
logos/71412.jpg,SPIRITUAL RAVISHMENT
logos/71470.png,SABHANKRA
logos/71496.jpg,SCHARBOCK
logos/71514.jpg,STRIBOG
logos/71518.jpg,SOMBRES FORETS
logos/71729.png,SYMPTOMS
logos/71733.jpg,EVIL ARMY
logos/71809.jpg,SHADOWCRAFT
logos/71813.jpg,ORENDA
logos/71840.jpg,DEUS INVICTUS
logos/71843.jpeg,VSPOLOKH
logos/71986.png,FORTALEZA
logos/71993.jpg,DIABOLOS
logos/72038.jpg,CATASTROPHE
logos/72107.jpg,VANAGLORIA
logos/72160.jpg,BALFLARE
logos/72170.jpg,BIRDS OF PREY
logos/72281.jpg,RAPTURE
logos/72549.jpg,HAWG JAW
logos/72565.jpg,VHERNEN
logos/72793.jpg,BLACK LAND
logos/72806.jpg,OFFAL
logos/72844.jpg,EPIDEMIA MORTALIIS
logos/72847.jpg,FUNERARY PIT
logos/72851.jpg,SLARTIBARTFASS
logos/72965.jpg,OBSCVRII LVNAE
logos/72977.jpg,DEMONICAL
logos/73216.jpg,DESECRATE
logos/73230.jpg,MORTAL TORMENT
logos/73272.jpg,MANDATORY
logos/73281.jpg,DAGOR DAGORATH
logos/73292.jpg,N K V D
logos/73387.jpg,GRAVDAL
logos/73391.jpg,THIRD SOVEREIGN
logos/73401.jpg,VEXILLUM
logos/73413.jpg,ECHIDNA
logos/73422.jpg,SLAGMAUR
logos/73424.jpg,WALPURGI
logos/73430.jpg,CONCEALMENT
logos/73519.jpg,CHARNIER
logos/73597.png,LEVERAGE
logos/73633.png,ABIGAIL WILLIAMS
logos/73657.jpg,NUCLEARHAMMER
logos/73691.jpg,PORTRAIT
logos/73705.jpg,THUNDER AXE
logos/73720.jpg,AXARIEL
logos/73745.jpg,BLACKCIRCLE
logos/73781.png,SAMCHUNG
logos/73799.jpg,LIKLUKT
logos/73883.jpg,UNGERN
logos/73928.jpg,DIABOLICAL PRINCIPLES
logos/73973.jpg,VIZIR
logos/73999.jpg,THE PIT
logos/74032.jpg,SERENADE IN DARKNESS
logos/74136.jpg,BALLGAG
logos/74137.jpg,HABORYN
logos/74161.jpg,ULCER
logos/74251.png,ARKANIA
logos/74363.gif,BLASPHEMIAM
logos/74368.jpg,UNDOR
logos/74398.jpg,WOLFPACK UNLEASHED
logos/74460.jpg,ANKOR
logos/74475.jpg,CRUSHING SUN
logos/74508.jpg,LVPVS INFESTVS
logos/74511.jpg,DARK EDEN
logos/74617.jpg,ANCIENT WOUND
logos/74624.jpg,LAND OF HATE
logos/74627.png,GOAT THE HEAD
logos/74695.jpg,PESTIFER
logos/74730.gif,SEVENTH CALLING
logos/74844.jpg,CADAFALSO
logos/74931.jpg,NORSE
logos/74936.jpg,HOLLOW HAZE
logos/74954.png,THE FACELESS
logos/74965.jpg,LA DAMA OSCURA
logos/75058.jpg,WACKHANALIJA
logos/75073.jpg,ALCOHOLOCAUST
logos/75099.jpg,SAUROM
logos/75139.gif,POIZON GREEN
logos/75223.jpg,THRONUM VRONDOR
logos/75232.jpg,FINAL STAGE
logos/75263.jpg,DAEMONICUS
logos/75285.jpg,ATLANTEAN KODEX
logos/75394.jpg,OVERDREAM
logos/75440.jpg,MATTHIAS STEELE
logos/75454.jpg,CHROME DIVISION
logos/75502.jpg,HRIZG
logos/75570.jpg,SHADOWS GROUND
logos/75593.jpg,DEUS IRAE
logos/75758.jpg,SUFFERATORY
logos/75798.gif,CYAEGHA
logos/75808.jpg,HATCHET
logos/75865.gif,EMBERS
logos/75969.jpg,ETHEREAL TRAGEDY
logos/76015.jpg,HEATHEN HAMMER
logos/76128.jpg,VANDROYA
logos/76132.jpg,EVILS ATTACK
logos/76382.jpg,AEGRUS
logos/76428.jpg,HILASTHERION
logos/76547.png,BAUDA
logos/76556.jpg,BLOODBASTARD
logos/76583.jpg,IRON FATE
logos/76590.jpg,MISANTHROPE
logos/76682.jpg,ULCER UTERUS
logos/76716.jpg,THE ARCANE ORDER
logos/76845.gif,CONTROL HUMAN DELETE
logos/76929.jpg,AGRATH
logos/76948.gif,BRAVERIDE
logos/77053.jpg,ANUBIS
logos/77060.jpg,ATOMIC ROAR
logos/77079.jpg,BALMOG
logos/77115.jpg,TUNDRA
logos/77165.jpg,UNLIGHT DOMAIN
logos/77203.jpg,MADAM X
logos/77211.png,KOMMANDANT
logos/77222.jpg,LUPULO
logos/77245.png,APPARITION
logos/77278.jpg,TRORKRVISATANSROKREH
logos/77280.png,DYSCARNATE
logos/77308.jpg,URLOG
logos/77323.jpg,GRIMNYR
logos/77332.jpg,MERCILESS MASSACRE
logos/77493.png,GORESOERD
logos/77512.jpg,BESIEGED
logos/77566.jpg,GOAT TERRORISM
logos/77725.jpg,EXECUTION
logos/77754.jpg,NOTHINGNESS
logos/77811.jpg,STIELAS STORHETT
logos/77824.jpg,ARKANOS
logos/77842.jpg,SLAUGHTBBATH
logos/77869.jpg,DALKHU
logos/77877.jpg,CHEMIKILL
logos/77888.jpg,INDUSTRIAL NOISE
logos/77949.jpg,FUNERAL IN HEAVEN
logos/77978.jpg,ORGANISMOS
logos/77986.jpg,CRIMSON DAWN
logos/78055.jpg,BEGRIME EXEMIOUS
logos/78096.jpg,THUGNOR
logos/78107.jpg,REVOCATION
logos/78227.jpg,DOMINIA
logos/78240.png,AKROMA
logos/78281.png,PATHOLOGY
logos/78326.jpg,DYING HUMANITY
logos/78338.jpg,WITCH
logos/78374.png,ZOMBIE DEATH STENCH
logos/78433.jpg,ROADSIDE BURIAL
logos/78498.jpg,OCTOPUS
logos/78513.jpg,TURRIS SPECTRUM
logos/78522.jpg,E D I E H
logos/78534.jpg,MYRAH
logos/78538.jpg,ARCHAIC WINTER
logos/78554.jpg,DIADEMA
logos/78615.png,VERIKYYNELEET
logos/78716.jpg,WELICORUSS
logos/78742.jpg,SILVERTRAIN
logos/78744.jpg,SCARGOD
logos/78752.jpg,APOSTLE OF SOLITUDE
logos/78799.jpg,SACRILEGIOUS IMPALEMENT
logos/78809.jpg,CUENTOS DE LOS HERMANOS GRIND
logos/78934.jpg,BLUTRACHE
logos/78971.jpg,MERIDIAN ZERO
logos/78986.jpg,GRAVE FORSAKEN
logos/79018.jpg,WOLFF
logos/79021.jpg,RONCSIPAR
logos/79056.jpg,BOUND BY ENTRAILS
logos/79116.jpg,AGGELOS
logos/79117.jpg,ELDENHOR
logos/79181.jpg,AURA HIEMIS
logos/79198.jpg,PYLON
logos/79245.jpg,NORDVREDE
logos/79276.jpg,HOSPICE
logos/79363.jpg,BALANCE INTERRUPTION
logos/79367.jpg,LINCOLN LOVE LOG
logos/79463.gif,ROB JOHNSON
logos/79681.jpg,BRUTISH CREATION
logos/79718.jpg,SKULL FIST
logos/79731.jpg,DEFLORE
logos/79756.jpg,A DREAM OF POE
logos/79794.jpg,CHAINSAW SURGERY
logos/79823.jpg,THE SPEKTRUM
logos/79849.jpg,THE ORDHER
logos/79903.gif,ATHEISTC
logos/79907.jpg,DARKNATION
logos/79922.jpg,MORTUARIO
logos/80049.jpg,TAKAYOSHI OHMURA
logos/80066.jpg,NUCLEAR VOMIT
logos/80076.png,VAULT
logos/80086.jpg,TRIOSPHERE
logos/80182.jpg,APOLION
logos/80193.png,MIDWYNTER
logos/80217.gif,AMON RA
logos/80243.jpg,DOGMA
logos/80373.jpg,HELVETE
logos/80383.jpg,DROWNING THE LIGHT
logos/80571.jpg,WINTERDEMONS
logos/80717.jpg,BLACK MOOR
logos/80754.jpg,BOREALIS
logos/80757.jpg,LA DIVISION MENTALE
logos/80788.jpg,TOTALSELFHATRED
logos/80807.jpg,NASTRANDIR
logos/80871.jpg,AUAESUVE
logos/80879.jpg,EPIDEMIA
logos/80881.jpg,BREAKDUST
logos/80940.jpg,POLYNOVE POLE
logos/81077.jpg,CRAVING
logos/81102.jpg,RINGWORM
logos/81128.jpg,EMERGENCY GATE
logos/81149.jpg,HONOS AQUILAE
logos/81259.jpg,PROFANE PRAYER
logos/81261.jpg,WARDAEMONIC
logos/81367.png,BIOLENCE
logos/81386.jpg,VOLTAX
logos/81420.gif,FATAL PROPHECY
logos/81434.jpg,RAVENTALE
logos/81452.jpg,GRIM LEGION
logos/81493.jpg,RAW DECIMATING BRUTALITY
logos/81623.jpg,PRONOIA
logos/81757.jpg,STRYPER
logos/81829.png,SANTAU
logos/81862.jpg,EXALTATION
logos/81869.jpg,BRAINCASKET
logos/81881.jpg,NECROVOROUS
logos/81950.jpg,CHALICE OF BLOOD
logos/81971.jpg,WINTERS
logos/82100.jpg,IMPERIAL BATTLESNAKE
logos/82141.jpg,GLORIA DIABOLI
logos/82385.jpg,DELINQUENTES INFERNAE
logos/82386.jpg,SIEGHETNAR
logos/82416.jpg,SAGRADO INFERNO
logos/82444.jpg,THIS ENDING
logos/82538.jpg,DARK FOUNT
logos/82750.jpg,DAMAGE CASE
logos/82808.jpg,INSIDIOUS OMEN
logos/82871.jpg,SATANIC
logos/82921.jpg,MORDAZ
logos/82928.jpg,APOSTLES OF PERVERSION
logos/82952.jpg,SELVMORRD
logos/82979.jpg,IRMINSUL
logos/83003.jpg,HUNTERS MOON
logos/83034.png,METATRONE
logos/83077.jpg,WOODS OF DESOLATION
logos/83081.jpg,OSHIEGO
logos/83093.jpg,INTERIOR WRATH
logos/83244.jpg,MUCOUS SCROTUM
logos/83424.jpg,NIGHT WITCHCRAFT
logos/83456.gif,REBIRTH OF NEFAST
logos/83487.jpg,PLANET RAIN
logos/83584.jpg,NUCLEUS TORN
logos/83608.jpg,CRAVEN IDOL
logos/83657.jpg,IN UTERO CANNIBALISM
logos/83662.jpg,HIGHGATE
logos/83709.jpg,THE SEVENTH POWER
logos/83762.jpg,SCREAMING SILENCE
logos/83785.jpg,PD SS TOTENKOPF
logos/83877.jpg,MALEFIC ORDER
logos/83887.jpg,INVERTED TRIFIXION
logos/83902.jpg,ARCHONS
logos/83930.png,THE MEZMERIST
logos/83963.jpg,RIFT
logos/83979.jpg,THE LAMP OF THOTH
logos/84028.jpg,FUNERAL MOTH
logos/84068.jpg,ASINESIA
logos/84084.jpg,SAVIOR FROM ANGER
logos/84110.jpg,FRAGILE ART
logos/84111.gif,DEATHRONATION
logos/84118.jpg,BORGNE
logos/84163.jpg,ASH POOL
logos/84244.jpg,FORMLOFF
logos/84275.jpg,ARCHITECT OF SETH
logos/84278.jpg,SAVIOURS
logos/84316.jpg,AZGEROTH
logos/84344.png,CANNABIS CORPSE
logos/84347.jpg,MIDWINTER
logos/84420.jpg,ESSENCE OF SORROW
logos/84443.jpg,TYRANTS BLOOD
logos/84533.jpg,ADAMANTRA
logos/84549.jpg,SILENT WINTER
logos/84605.jpg,PANZERFAUST
logos/84655.png,DYSTOPIA
logos/84711.jpg,ANOMALOUS
logos/84713.jpg,HEVILAN
logos/84741.jpeg,BLOODTHIRSTY
logos/84749.jpg,MISERATION
logos/84827.jpg,SVARTBY
logos/84862.jpg,WULFGAR
logos/84942.jpg,PANIC
logos/84947.jpg,GJALLARHORN
logos/84957.jpg,ENFOLD DARKNESS
logos/85076.jpg,RITUALS OF A BLASPHEMER
logos/85091.jpg,MORTUUS INFRADAEMONI
logos/85101.jpg,MARCO FERRIGNO
logos/85158.jpg,THE PROPHECY
logos/85160.jpg,PROSANCTUS INFERI
logos/85208.jpg,HERETIC SOUL
logos/85254.png,CONVICTORS
logos/85261.png,EXECRATION
logos/85374.jpg,ROSE FUNERAL
logos/85384.gif,IAN
logos/85429.jpg,ENTSETZLICH
logos/85438.jpg,PANDORA
logos/85536.png,RIXILER
logos/85552.jpg,EGOIST
logos/85567.jpg,MANTH
logos/85588.jpg,BROKEL
logos/85650.jpg,RAGGRADARH
logos/85682.jpg,SZARLEM
logos/85722.png,GUTTURAL ENGORGEMENT
logos/85745.jpg,ANGEL DE METAL
logos/85746.jpg,MORTUALIA
logos/85790.jpg,FORKA
logos/85794.jpg,LEUKU
logos/85849.jpg,MOONDARK
logos/85907.jpg,ERUPTION
logos/85972.jpg,BELIAL
logos/85981.jpg,ENORMOUS
logos/85986.jpg,A THOUSAND YEARS SLAVERY
logos/86051.gif,BLOOD OF THE BLACK OWL
logos/86057.jpg,GRAVITON
logos/86111.jpg,PSYCHOMANTUM
logos/86119.jpg,FORGOTTEN FORESTS
logos/86151.jpg,SUPPLICATION
logos/86216.jpg,LEVAS
logos/86245.jpg,HUMAN ARTIFACTS
logos/86255.jpg,DUNKELHEIT
logos/86267.jpeg,TANTAL
logos/86294.gif,CONTINUUM
logos/86339.jpg,REEKER
logos/86399.png,OFFALMINCER
logos/86445.jpg,COMMANDO
logos/86686.jpg,ANDRAMELECH
logos/86691.jpg,NIGHTHUNTER
logos/86710.jpg,MUSTA KAPPELI
logos/86735.jpg,ANDRARAKH
logos/86859.png,BIZARREKULT
logos/86861.jpg,MAITREYA
logos/86902.jpg,DEAD ALONE
logos/86936.jpg,ANGSTRIDDEN
logos/86943.jpg,ARNION
logos/86955.jpg,KERION
logos/87034.jpg,BURDEN OF LIFE
logos/87046.jpg,STYGIA
logos/87057.jpg,N I L
logos/87065.jpg,INHUMAN HATE
logos/87081.gif,THOREOUS
logos/87100.jpg,OCTOBER FALLS
logos/87185.jpg,VAN CANTO
logos/87192.jpg,MOLOCH
logos/87200.png,GXSXD
logos/87201.jpg,DEFIANT
logos/87212.jpg,DIGGING UP
logos/87213.png,DEVOURED
logos/87276.jpg,HAXEN
logos/87289.jpg,AMENTIA
logos/87303.jpg,METAL LAW
logos/87314.jpg,SAVAOTH
logos/87347.png,THE DAY OF THE BEAST
logos/87365.jpg,W S H C
logos/87426.jpg,VAJRAH
logos/87440.jpg,SOULSPELL
logos/87443.jpg,HATE ORGASM
logos/87458.jpg,SUFFER IN SILENCE
logos/87483.gif,THOLUS
logos/87491.jpg,REVERSION
logos/87541.jpg,FACING THE SWARM THOUGHT
logos/87542.jpg,TWILIGHT
logos/87547.jpg,RAVAGAR
logos/87565.jpg,EROWID
logos/87621.jpg,METAMORPH
logos/87651.jpg,FROM THIS DAY
logos/87685.jpg,DESCEND
logos/87698.jpg,ENTHROPE
logos/87704.jpg,ALTAR OF GIALLO
logos/87707.jpg,GALERNA
logos/87793.jpg,CARRASCO
logos/87855.jpg,CONDENADOS
logos/87874.jpg,DERTAH
logos/87948.jpg,POWER FROM HELL
logos/87981.jpg,RAGESTORM
logos/88087.jpg,THOUGHT CHAMBER
logos/88101.jpg,CAIN
logos/88108.jpg,PERMAFROST
logos/88159.png,SOREPTION
logos/88382.jpg,KUKULCAN
logos/88584.jpg,IGNIVOMOUS
logos/88627.jpg,PURE EVIL
logos/88691.png,HAMMURABI
logos/88749.jpg,DEAD IN THE WATER
logos/88840.jpg,FREITOD
logos/88894.jpg,VARG
logos/88968.jpg,EMPTYS
logos/88970.jpg,BLACK SEPTEMBER
logos/89033.jpg,BELAKOR
logos/89057.jpg,MEFITIC
logos/89105.jpg,BRUTAL BEGUDE
logos/89129.jpg,DRUG HONKEY
logos/89155.jpg,HELDENTOD
logos/89158.jpg,VERMINOUS MIND
logos/89170.jpg,ANTILEBEN
logos/89211.jpg,ORION
logos/89254.gif,NORSEMAN
logos/89306.jpg,DEFUNTOS
logos/89318.jpg,METALMORFOSIS
logos/89439.jpg,SKY IN FLAMES
logos/89481.jpg,COMUNIDAD DEL METAL
logos/89488.jpg,AMYSTERY
logos/89495.jpg,INVASION
logos/89598.jpg,KOPJAFA
logos/89736.jpg,ISHI
logos/89950.jpg,EXORCISM
logos/90051.jpg,VOLUNTARIA
logos/90149.jpg,TYRANT DISCIPLE
logos/90184.png,EXPLOSICUM
logos/90286.jpg,XANADOO
logos/90366.jpg,BOSSK
logos/90369.jpeg,WINTARNAHT
logos/90485.jpg,SAVAGE ANNIHILATION
logos/90561.jpg,DARK FOREST
logos/90636.jpg,ANTHRIEL
logos/90695.jpg,GODSLAYING HELLBLAST
logos/90747.jpg,BELLFAST
logos/90761.jpg,HAVOK
logos/90835.jpg,NO RAZA
logos/90881.jpg,DEUS OTIOSUS
logos/90944.jpg,VOLT
logos/91004.jpg,IRRLYCHT
logos/91010.jpg,SEVERE DEMENTIA
logos/91038.jpg,SADAUK
logos/91110.jpg,INDEMNITY
logos/91133.jpg,VISCERAL CARNAGE
logos/91320.gif,EBANATH
logos/91341.jpg,CROSSWIND
logos/91418.jpg,SIGIL
logos/91465.jpg,DOOMED DAY
logos/91486.jpg,UNCHRIST
logos/91493.jpg,HELLVETRON
logos/91499.jpg,SVALBARD
logos/91523.jpg,THE SENSELESS
logos/91610.jpg,THE BATALLION
logos/91675.jpg,LIAR
logos/91714.jpg,SVEDHOUS
logos/91722.jpg,MORIAR
logos/91812.jpg,TRAGICAL MEMORIES
logos/91813.gif,SOULBREACH
logos/91866.jpg,DALRIADA
logos/91913.jpg,NE OBLIVISCARIS
logos/91924.jpg,KRYPT
logos/92001.jpg,SYMBOLYC
logos/92003.jpg,KAHTAHDHEN
logos/92009.jpg,FORNAX
logos/92054.jpg,PAGANUS
logos/92186.jpg,SILENT CALL
logos/92196.jpg,MONOTHEIST
logos/92289.png,VARUNA
logos/92314.jpg,ARGUS
logos/92364.jpg,KILLCHAIN
logos/92389.gif,BLACK FIRE
logos/92475.jpg,VARGNATT
logos/92530.jpg,REIGN IN BLOOD
logos/92596.jpg,WEHMUT
logos/92600.jpg,THIRD STORM
logos/92603.jpg,FEN
logos/92840.gif,SOL
logos/92866.png,VELNIAS
logos/92890.jpg,SCHLAFLOS
logos/92905.jpg,ATTACK OF RAGE
logos/92910.jpg,DARKWATER
logos/92948.jpg,PUTRIDITY
logos/92985.jpg,STRIGAMPIRE
logos/93031.jpg,CREMATED
logos/93043.jpg,MOLOTOV SOLUTION
logos/93109.jpg,DIE HARD
logos/93283.jpg,BERSERK REVOLT
logos/93304.jpg,ANCESTORS
logos/93334.gif,ENDRAH
logos/93351.jpg,SOULRIVER
logos/93437.jpg,SCYTHIAN
logos/93521.jpg,PANDREA
logos/93584.jpg,TME
logos/93687.jpg,TOR MARROCK
logos/93691.png,MALVOISIE
logos/93741.jpg,NEBELKRAHE
logos/93750.png,ENDIMION
logos/93786.jpg,TRIQUINOSIS
logos/93823.png,INFERI
logos/93826.png,CEREBRIC TURMOIL
logos/93926.jpg,DORMANT
logos/93943.jpg,KROKUS
logos/93959.jpg,IXXI
logos/94062.jpg,SATANIZE
logos/94073.jpg,OGMIOS
logos/94092.png,CSEJTHE
logos/94192.png,ELEGY OF MADNESS
logos/94369.jpg,HMR
logos/94450.jpg,KINGDOM
logos/94479.jpg,MECHANICAL GOD CREATION
logos/94540.jpg,COMANDO DE EXTERMINIO
logos/94583.jpg,GRENDEL
logos/94623.jpg,GMORK
logos/94685.jpg,DISJONKTATION
logos/94710.jpg,MOKSHA
logos/94743.jpg,STRIX
logos/94780.gif,TIMOR ET TREMOR
logos/94784.jpg,FOREVER STORM
logos/94828.jpg,NETTLECARRIER
logos/94837.jpg,SCARECROW
logos/94851.jpg,UIGG
logos/94966.png,CARCHARODON
logos/94973.jpg,TIDES WITHIN
logos/95029.jpg,SHATTERED EYES
logos/95042.jpg,HELLBUTCHER
logos/95076.jpg,THE LURKING CORPSES
logos/95112.jpg,FOREST OF DOOM
logos/95202.jpg,INVAZIJA
logos/95215.jpg,DEATHCULT
logos/95226.jpg,CYPHER SEER
logos/95347.jpg,OBSIDIAN KINGDOM
logos/95433.jpg,WOLFSHAUCH
logos/95494.png,CATALEPSY
logos/95565.jpg,HEEL
logos/95746.png,CALTH
logos/95773.jpg,GOREVENT
logos/95812.jpg,OBSCURE
logos/95917.jpg,ANTEDILUVIAN
logos/95939.jpg,BLOODY RITUAL
logos/95943.png,MAGNA VERITAS
logos/95970.jpg,LIFELESS WITHIN
logos/96000.jpg,RED FANG
logos/96008.jpg,ERZEBET
logos/96039.jpg,SILENT TALES
logos/96062.jpg,NETHERVOID
logos/96120.jpg,MISSHAPEN HATRED
logos/96229.jpg,MASS MASSACRE
logos/96231.jpg,KETTERSBLOED
logos/96264.jpg,KATHAROS
logos/96416.gif,S M D
logos/96464.jpg,HUMAN EXCORIATION
logos/96475.gif,KEHRA
logos/96486.jpg,STILTE
logos/96618.png,DEVILDRIVER
logos/96659.jpg,VAULT
logos/96668.jpg,KOZELJNIK
logos/96672.jpg,ANNIHILATE
logos/96688.jpg,ACROHOLIA
logos/96719.png,EVISCERATED
logos/96784.jpg,SVARTTJERN
logos/96806.gif,EXECRATION
logos/96827.jpg,BONEBREAKER
logos/96831.jpg,DEVASTER
logos/96832.jpg,MADNESS
logos/96848.jpg,SOMNOLENT
logos/96875.jpg,AXUDUAL IMDURZAAM
logos/96899.jpg,SEPULCHRAL AURA
logos/96908.jpg,COPROLITH
logos/96966.jpg,TUMULUS ANMATUS
logos/97057.jpg,ETRUSGRAVE
logos/97062.jpg,TWINSPIRITS
logos/97117.jpg,INSORCIST
logos/97249.jpg,INFECTION
logos/97319.jpg,SIN
logos/97335.jpg,AGGRESSIVE
logos/97343.jpg,NOIA
logos/97384.jpg,NO SENSE
logos/97419.jpg,HAVARAX
logos/97485.gif,SEPTICA
logos/97493.jpg,LOGIC OF DENIAL
logos/97496.jpg,SPERMBLOODSHIT
logos/97513.png,THE NIHILISTIC FRONT
logos/97515.jpg,BESTIAL LUST
logos/97530.jpg,KING
logos/97532.jpg,HAPPY DAYS
logos/97648.jpg,VULVECTOMY
logos/97653.jpg,SCARED TO DEATH
logos/97661.jpg,COUGH
logos/97675.jpg,DERANGER
logos/97738.jpg,MELEK TAUS
logos/97771.jpg,OMNIA MALIS EST
logos/97780.jpg,WAR RIPPER
logos/97864.jpg,SOUND OF SILENCE
logos/97884.jpg,INHUMANE DEATHCULT
logos/97949.gif,IPSISSIMUS
logos/97972.jpg,RAFFLESIA
logos/98037.gif,ORDER OF THE WHITE HAND
logos/98076.jpg,CONVIXION
logos/98102.jpg,NONEUCLID
logos/98151.jpg,JOHN MACALUSO UNION RADIO
logos/98160.png,SABAZIUS
logos/98166.jpg,MARTHYRIUM
logos/98248.jpg,EDGE OF FOREVER
logos/98261.jpg,EMBRYONIC DISGORGEMENT
logos/98277.jpg,CATHARSIS NOCTURNA
logos/98346.jpg,REMEMBER TWILIGHT
logos/98439.gif,ZAR
logos/98490.png,SHADES OF DEEP WATER
logos/98535.jpg,JITTERBUG
logos/98542.jpg,CORPULATE
logos/98689.jpg,PHLEFONYAAR
logos/98745.gif,CONTRAST THE WATER
logos/98809.jpg,NIELS VEJLYT
logos/98920.jpg,PASTOR BRAD
logos/98994.png,BOA
logos/99033.jpg,SHURIKEN CADAVERIC ENTWINEMENT
logos/99049.jpg,EXECRATE
logos/99052.jpg,AZURE EMOTE
logos/99066.png,ALKERDEEL
logos/99111.jpg,ETHERIC VOID
logos/99149.jpg,SEPULCHRAL CRIES
logos/99197.jpg,AQUILUS
logos/99200.png,CHAIN OF DOGS
logos/99328.jpg,MARGENTA
logos/99331.jpg,NEVELRIJK
logos/99356.jpg,INFERNAL HATE
logos/99357.jpg,BURIAL GROUND
logos/99431.jpg,LUPUS NOCTURNUS
logos/99484.jpg,SOLID FAITH
logos/99659.jpg,LUNATIC AFFLICTION
logos/99686.jpg,COG
logos/99714.jpg,JRS
logos/99718.jpg,WAYDE COOPER
logos/99748.gif,HELL TORMENT
logos/99782.jpg,SILENT CIVILIAN
logos/99828.jpg,RATZINGER
logos/99888.jpg,WITCHING HOUR
logos/99981.jpg,KRIG
logos/100014.jpg,SUPERBIA
logos/100166.png,MORGUE
logos/100262.jpg,ZOMBIE HATE BRIGADE
logos/100325.jpg,HELL VOMIT
logos/100364.gif,SOUTHERN BASTARD CHURCH
logos/100422.png,R U S T
logos/100463.jpg,DAVE JUSTO
logos/100479.jpg,SINDROME
logos/100482.png,WHITECHAPEL
logos/100506.gif,MALKUTH
logos/100548.jpg,ULTIMA MISSA
logos/100629.gif,VISCERAL GRINDER
logos/100645.png,EPITAPH
logos/100731.jpg,MALEDICTION
logos/100807.jpg,NEFESH
logos/100961.jpg,STOLZKRIEG
logos/100997.jpg,GRIGORI
logos/101009.gif,NEXUS
logos/101074.jpg,THE LEAD
logos/101107.jpg,SOUTHERN DRINKSTRUCTION
logos/101157.jpg,LANDMINE MARATHON
logos/101213.jpg,SOUL REMNANTS
logos/101215.jpg,FERAL
logos/101228.gif,VEXILLUM
logos/101286.jpg,THROMOS
logos/101349.jpg,BOMBS OF HADES
logos/101380.jpg,VEIL OF MIST
logos/101411.jpg,RAMMING SPEED
logos/101436.jpg,NIGHTSTICK
logos/101466.jpg,CATASTROFY
logos/101509.jpg,LES CHANTS DE NIHIL
logos/101520.jpg,VIKINGORE
logos/101591.jpg,AUGRIMMER
logos/101594.png,AFTER THE BURIAL
logos/101602.jpg,MASACHIST
logos/101623.gif,DENIAL
logos/101699.jpg,MINDREAPER
logos/101704.jpg,FOMENTO
logos/101770.gif,VOIDS OF VOMIT
logos/101781.jpg,STRAIGHT LINE STITCH
logos/101815.jpg,THE A X E PROJECT
logos/101836.png,FORMALINE
logos/101867.png,HEATHEN FORAY
logos/101933.jpg,SEPTEMBER MURDER
logos/101944.jpg,INFERNAL CONJURATION
logos/101948.jpg,LAHMIA
logos/101951.png,THOKKIAN VORTEX
logos/101968.png,GRIS
logos/101978.jpg,ANABIOZ
logos/102057.jpg,TRANSLUNARIA
logos/102069.jpg,THE MORNINGSIDE
logos/102073.jpg,EDENS CURSE
logos/102084.gif,SACRIPHYX
logos/102093.jpg,AMBERIAN DAWN
logos/102105.jpg,PERSEKUTION
logos/102153.jpg,ALKOHOLIZER
logos/102168.jpg,CRASHER
logos/102180.jpg,ZELFHAAT
logos/102181.jpg,GRAVEMOON
logos/102219.png,THE AGONIST
logos/102222.jpg,ELIMINATION
logos/102231.jpg,UNHOLY LUST
logos/102269.jpg,EMPATIC
logos/102276.gif,MYRKVIDS DRAUMAR
logos/102350.jpg,EXCREMENT
logos/102433.jpg,NOIRATASYA
logos/102448.jpg,MORBIDDUST
logos/102468.jpg,FALLEN UTOPIA
logos/102478.jpg,ELAN
logos/102489.jpg,DEMONIC SLAUGHTER
logos/102526.jpg,DEATH AGONY
logos/102550.jpg,DOOMRIDERS
logos/102578.png,VASSLINE
logos/102602.jpg,ANTARTANDES
logos/102643.jpg,NOXA
logos/102729.jpg,GRIMMARK
logos/102731.jpg,DR LIVING DEAD
logos/102769.jpg,ETHEREAL FOREST
logos/102779.jpg,STAR INSIGHT
logos/102828.jpg,EXANIMUS
logos/102909.png,METAL GENOCIDE
logos/102925.jpg,IN DEMISE
logos/102935.jpg,KUGA
logos/102966.jpg,UNCONSECRATED
logos/102981.jpg,PERSISTENCE IN MOURNING
logos/103013.jpg,KUROI
logos/103182.jpg,WARGOAT
logos/103243.jpg,LOTUS CIRCLE
logos/103269.jpg,APPALACHIAN TERROR UNIT
logos/103302.jpg,FORGOTTEN HORROR
logos/103313.png,CAINAN DAWN
logos/103337.jpg,LORD AGHEROS
logos/103340.jpg,DARKEND
logos/103348.jpg,TRAGICO BALLET
logos/103382.jpg,TRELLEBORG
logos/103468.jpg,TERRORIST
logos/103496.jpg,DISMANTLE
logos/103543.jpg,MALODOROUS
logos/103584.jpg,DEATHROW
logos/103610.jpg,KLISMAPHILIAC
logos/103648.jpg,NODES OF RANVIER
logos/103688.jpg,THY ASHES
logos/103709.jpg,DE PROFUNDIS
logos/103863.png,LILYUM
logos/103951.jpg,HANGMANS CHAIR
logos/103964.jpg,FROST
logos/104107.jpg,ARTEP
logos/104245.jpg,BOOBY TRAP
logos/104248.jpg,TOXIK DEATH
logos/104365.jpg,CEMETERY URN
logos/104378.jpg,TELOCH
logos/104379.jpg,VARGSHEIM
logos/104380.jpg,BLACK MAJESTY
logos/104500.jpg,FULL BLOWN CHAOS
logos/104596.jpg,DRUNKEN BASTARDS
logos/104602.jpg,HOLOCAUST
logos/104653.jpg,CURSED RUIN
logos/104655.jpg,KARG
logos/104670.jpg,LINDISFARNE
logos/104705.jpg,ALCOHOLOKAUST
logos/104897.jpg,AVATAR
logos/104902.jpg,KLOOTZAK
logos/104961.jpg,CHOKED BY OWN VOMITS
logos/105067.jpg,SPECTRAL
logos/105134.jpg,OMISION
logos/105135.jpg,PSICOVOMITOSIS SADINECROOTITIS
logos/105174.jpg,PURULENT SPERMCANAL
logos/105278.jpg,KROW
logos/105280.png,ATTERO
logos/105291.jpg,THE RED SHORE
logos/105479.jpg,DIVINE ASCENSION
logos/105495.png,ACIDO
logos/105536.jpg,UNIVERSUM
logos/105543.jpg,WITHERSHIN
logos/105583.jpg,SICKS AGONY
logos/105590.jpg,TRAGEDIENS TRONE
logos/105737.jpg,NOSTALGIE
logos/105800.jpg,ENGRAVED
logos/105804.jpg,NORDICA
logos/105824.jpg,TRAUTENAUER
logos/106020.jpg,REVILEMENT
logos/106025.jpg,BLOOD TRIBE
logos/106080.jpg,UNHUMAN DISEASE
logos/106151.jpg,SHADYON
logos/106152.jpg,SPIRIT OF THE FOREST
logos/106200.jpg,VIRUS OF KOCH
logos/106220.jpg,BLASPHEMOUS CRUCIFIXION
logos/106249.jpg,ZIFIR
logos/106269.jpg,DARK CASTLE
logos/106322.jpg,LEPROUS
logos/106381.jpg,SCOURGED FLESH
logos/106382.jpg,SADOTANK
logos/106585.gif,NANCIAL
logos/106599.jpg,DISARIA
logos/106700.jpg,WINTER DELUGE
logos/106766.jpg,COLAPSO
logos/106787.jpg,DE SILENCE ET DOMBRE
logos/106788.jpg,WARWULF
logos/106823.jpg,NATIONAL SUICIDE
logos/106870.jpg,TYRANT
logos/107007.jpg,OAKENSHIELD
logos/107083.gif,ANGELS BENEATH ME
logos/107171.jpg,FLAGELLANT
logos/107177.jpg,TABERNARIOS
logos/107406.jpg,STORTREGN
logos/107568.png,VOICE OF REVENGE
logos/107583.png,ATRA HORA
logos/107647.jpg,RIOTOR
logos/107682.jpg,BEGGING FOR INCEST
logos/107717.jpg,ANTICOSM
logos/107729.jpg,ATTACKER BLOODY AXE
logos/107754.jpg,DROHTNUNG
logos/107770.jpg,ANGREPP
logos/107825.jpg,NEFASTORETH
logos/107837.png,WINTERFYLLETH
logos/107918.png,PRICKROTT
logos/107930.jpg,SATURNALIA TEMPLE
logos/107978.jpg,SADISTIC MUTILATION
logos/108001.jpg,BLOOD AND DISASTER
logos/108050.jpg,SPASM
logos/108081.png,ALARION
logos/108091.jpg,INTESTINAL ALIEN REFLUX
logos/108114.jpg,DOGMA INC
logos/108171.jpg,DRAMA
logos/108172.jpg,HOT BUTTERED ANAL
logos/108231.png,P L F
logos/108235.jpg,GIGAN
logos/108312.jpg,THE FORESHADOWING
logos/108340.jpg,KHRISTENN CORPSE
logos/108385.jpg,HAILHORNET
logos/108420.jpg,IXION
logos/108453.jpg,TEARLESS
logos/108469.jpg,ANOINTED
logos/108579.gif,LEBENSABEND
logos/108604.jpg,CALIBRE ZERO
logos/108642.jpg,STEVE GRIMMETT
logos/108643.jpg,ROAD TO RUIN
logos/108648.jpg,INCINERATION
logos/108653.jpg,BLAZE OF SORROW
logos/108658.jpg,DEVATHORN
logos/108711.jpg,JEX THOTH
logos/108756.jpg,SCYTHE
logos/108780.jpg,JEZEBEDTH
logos/108846.jpg,STRAIGHTOUT
logos/108860.jpg,WHITEMOUR
logos/108928.jpg,THE HOWLING WIND
logos/108941.jpg,BAPHOMENUM
logos/108948.png,SAVAGE MESSIAH
logos/108984.gif,INSULTOR
logos/108988.gif,UNBLESS
logos/109227.jpg,BATTALION
logos/109234.jpg,BLOODJINN
logos/109266.jpg,ROTTING CRUCIFIXION
logos/109335.jpg,PUMP
logos/109342.jpg,BLOODSHOT DAWN
logos/109361.jpg,KAISERREICH
logos/109380.jpg,KOLTUM
logos/109399.jpg,ATROCIOUS ABNORMALITY
logos/109443.jpg,BESTIAL POSSESSION
logos/109463.jpg,KRYPT AXERIPPER
logos/109562.gif,DISAFFECTION
logos/109564.png,UNCTORIS
logos/109595.jpg,UMORAL
logos/109610.jpg,PRISTINA
logos/109616.jpg,CALL OF CHARON
logos/109678.jpg,LUSFERUS
logos/109708.jpg,INHUMANE RITES
logos/109732.jpg,LESPRIT DU CLAN
logos/109801.jpg,PROFETUS
logos/109826.jpg,NJIQAHDDA
logos/109935.jpg,PROSPERITY DENIED
logos/109988.jpg,ALL ITS GRACE
logos/109991.jpg,MOTORDEATH
logos/110047.jpg,AUSTERYMN
logos/110094.jpg,PESSIMIST
logos/110119.jpg,JILLS PROJECT
logos/110229.jpg,JUTTA WEINHOLD
logos/110230.jpg,NORTHLAND
logos/110235.jpg,RAGNAROEK
logos/110372.jpg,ASGARD
logos/110582.jpg,EDWARD BOX
logos/110710.png,TARJA
logos/110801.png,NACHTBLUT
logos/110867.jpg,ENDEZZMA
logos/110895.gif,KULT OFENZIVY
logos/110941.jpg,HIMSA
logos/110953.jpg,MORTUAS
logos/111014.jpg,GRAVEYARD
logos/111105.jpg,TERMINAL PROSPECT
logos/111112.jpg,ASENHEIM
logos/111286.jpg,KATRA
logos/111341.jpg,THORNSICK
logos/111355.jpg,ANAGNORISIS
logos/111377.jpg,WICKED MINDS
logos/111415.jpg,CIRCUS NEBULA
logos/111438.jpg,ELEKTRADRIVE
logos/111613.jpg,HALLA
logos/111667.jpg,SCHRAT
logos/111713.png,BLACKEST DAWN
logos/111719.jpg,DISORDER OF RAGE
logos/111803.jpg,SWORN ENEMY
logos/111829.jpg,INFERNO VIRTUE
logos/111852.jpg,PARAU
logos/111925.jpg,WHYZDOM
logos/111937.png,PHALLUSKULT
logos/112090.jpg,BLUT UND BODEN
logos/112124.jpg,TERRORAZOR
logos/112229.png,BLASART
logos/112299.png,MAIEUTISTE
logos/112402.gif,SAUL BLANCH REVANCHA
logos/112466.png,HOODED MENACE
logos/112532.png,ACHERONTAS
logos/112535.jpg,ORDER OF TERROR
logos/112620.jpg,BLINDADO
logos/112633.jpg,ASPHIXATION
logos/112673.png,THE FURY I HIDE
logos/112866.gif,INVIDIOSUS
logos/112922.jpg,BLACK ANGELS
logos/112929.jpg,TAMAKERI
logos/112936.jpg,SADISTIC BUTCHERING
logos/112947.jpg,SLAUGHTER BRUTE
logos/113039.jpg,IMMANIS
logos/113068.jpg,SKITLIV
logos/113114.jpg,AETERNAL SEPRIUM
logos/113141.jpg,TOOTH
logos/113185.png,FLESHGOD APOCALYPSE
logos/113255.jpg,FROSTY EVE
logos/113259.gif,WRATH OF DESPOT
logos/113269.gif,HELLKOMMANDER
logos/113320.jpg,ZAIKO
logos/113418.jpg,NECROHOLOCAUST
logos/113436.jpg,HIDEOUS DIVINITY
logos/113487.jpg,FALSE IN TRUTH
logos/113630.jpg,JELONEK
logos/113712.jpg,VIOLENT DEATH
logos/113726.png,VIRUS OF PREDACITY
logos/113825.jpg,ENDLESS FUNERAL
logos/113901.jpg,SALIGIA
logos/114127.jpg,LENTO
logos/114372.jpg,DER GEIST
logos/114403.jpg,DHARMA
logos/114410.jpg,HORRIFICIA
logos/114488.jpg,IMMORTAL RITES
logos/114515.jpg,IMPETUOSO DESDEM
logos/114554.jpg,DISASTROUS
logos/114597.gif,THEATER OF THE ABSURD
logos/114604.jpg,ARTS
logos/114611.jpg,THE FOETAL MIND
logos/114904.jpg,BURNING THE MASSES
logos/114930.jpg,LAMAW
logos/114940.jpg,SIDERIS NOCTEM
logos/114982.jpg,TOMYDEEPESTEGO
logos/115117.jpg,P V D
logos/115140.jpg,LIFE ILLUSION
logos/115145.jpg,DECAYING PURITY
logos/115208.jpg,HIDDEN TIME
logos/115293.jpg,SATANIC CORPSE
logos/115322.jpg,IN SILENTIO NOCTIS
logos/115422.jpg,WOLFSBLUT
logos/115445.jpg,HADA DE BENG
logos/115504.jpg,A FOREST OF STARS
logos/115522.png,OUTSET
logos/115556.jpg,HEADLESS BEAST
logos/115562.jpg,NECROVOMIT
logos/115663.jpg,MACROFAGO
logos/115734.jpg,ESHTADUR
logos/115735.jpg,HEXENTOMB
logos/115753.jpg,POSTUMO LUMBRE
logos/115762.jpg,ASYLUM PYRE
logos/115765.jpg,BLASPHEMOUS
logos/115779.jpg,SECTASYS
logos/115798.jpg,UTTER BASTARD
logos/115838.jpg,THYRIEN
logos/115914.jpg,FADED GRAVE
logos/115917.jpg,CATHEDRALE DE GLACE
logos/115953.jpg,VANLADE
logos/115969.jpg,BETRAYER F T M
logos/115979.jpg,CHRONIC INFECT
logos/116052.jpg,ERSZEBETH
logos/116055.gif,NAGUAL
logos/116104.jpg,LORD
logos/116128.jpg,HAYSTACK
logos/116152.jpg,LACERATION
logos/116234.gif,SELF INFLICTED VIOLENCE
logos/116247.jpg,DRACO DONNOVAN
logos/116260.jpg,DIE PIGEON DIE
logos/116402.jpg,DEMORIAN
logos/116404.gif,DALIT
logos/116422.jpg,AL AZAZHIL
logos/116461.jpg,TORTURED EXISTENCE
logos/116500.jpg,GNOMA
logos/116548.jpg,POSTHUM
logos/116915.jpg,FINAL CURSE
logos/116957.jpg,SAINT DEAMON
logos/116989.jpg,ALESTORM
logos/117022.gif,INPESTAE
logos/117057.jpg,V KAOS
logos/117064.jpg,TERRORDOME
logos/117080.jpg,CRYSTALLINE DARKNESS
logos/117089.jpg,CABRA NEGRA
logos/117162.jpg,HALLOWED BUTCHERY
logos/117164.jpg,SCULPTOR
logos/117224.jpg,ASBEEL
logos/117294.jpg,MOROK
logos/117314.jpg,SLUTVOMIT
logos/117315.jpg,BEER CORPSE
logos/117318.jpg,DIE ENTWEIHUNG
logos/117322.jpg,MORBIDITY
logos/117340.jpg,KUNI
logos/117415.jpg,RABENVOLK
logos/117425.gif,IN AEVUM AGERE
logos/117524.jpg,MUTANTER
logos/117544.jpg,EREMITES
logos/117561.jpg,VOLTURYON
logos/117604.jpg,DODENSTORM
logos/117637.jpg,FURVA AMBIGUITAS
logos/117642.jpg,EVIL WARRIORS
logos/117643.jpg,IJAJIL
logos/117679.jpg,EMPTINESS
logos/117728.jpg,WRATH PASSION
logos/117781.jpg,ATSUSHI YOKOZEKI
logos/117785.jpg,BENEFACTOR DECEASE
logos/117787.jpg,SINCARNATE
logos/117824.jpg,GORE SUFFERING
logos/117850.jpg,CHASSE GALERIE
logos/117990.png,MENACE RUINE
logos/118030.jpg,NAZGUL
logos/118033.jpg,MORDOR
logos/118038.jpg,BLACK HATE
logos/118049.jpg,LANTLOS
logos/118139.png,SWEET CICADA
logos/118171.jpg,TORMENTOR
logos/118236.jpg,HOODSWHITE
logos/118237.jpg,DARKLIGHT
logos/118264.jpg,SLAVIOR
logos/118386.jpg,AD INFEROS
logos/118387.jpg,MALEGNUS
logos/118388.jpg,LUCIFERO
logos/118430.jpg,PLAGUE ANGEL
logos/118444.jpg,OIL CARTER
logos/118445.jpg,BURNING FLESH
logos/118510.gif,DEFORMED SLUT
logos/118511.jpg,FETID ZOMBIE
logos/118520.jpg,KIM KYUNG HO
logos/118588.jpg,INHEIN
logos/118666.jpg,RETALIATION
logos/118675.jpg,SANCTUS DAEMONEON
logos/118732.jpg,BEEF CONSPIRACY
logos/118822.jpg,MALACATUS
logos/118868.jpg,BLACK MAGIC
logos/118888.jpg,VATICAN
logos/118919.jpg,SLAVEBREED
logos/118977.jpg,BASTARD OF THE SKIES
logos/119039.jpg,SHRAPHEAD
logos/119064.jpg,THE DARK BEYOND
logos/119071.jpg,GRIMBANE
logos/119088.jpg,BLACK PRIEST OF SATAN
logos/119106.jpg,METAL DOOM
logos/119160.jpg,MONOLIT
logos/119273.jpg,CRUX CULLUM
logos/119418.jpg,SATURNIAN MIST
logos/119585.jpg,KRAKEN DUUMVIRATE
logos/119624.jpg,TOTAL NEGATION
logos/119631.jpg,FORMLESS TERROR
logos/119648.jpg,SYSTEM BREAKDOWN
logos/119668.jpg,TUSSOCK
logos/119696.jpg,KINGDOM OF SORROW
logos/119730.jpg,YOUR CHANCE TO DIE
logos/119815.jpg,ORCIVUS
logos/119823.jpg,DARKEST ERA
logos/119922.png,BURIAL
logos/119958.jpg,MADE OF HATE
logos/119972.jpg,PRAYERS OF SANITY
logos/120102.jpg,EMAREBIL NOCTURNA
logos/120108.jpg,LAST DECLINE
logos/120125.jpg,BISON
logos/120194.jpg,GRAUEN
logos/120236.jpg,AD NOCTEM FUNERIIS
logos/120296.jpg,GORTUARY
logos/120430.jpg,DIFUNTOS
logos/120449.jpg,DIABOLICAL MYSTERIES
logos/120511.jpg,TEMPLAR
logos/120542.jpg,EXORCISMO
logos/120568.jpg,REAL STEEL
logos/120580.jpg,INGLORIOUS
logos/120646.jpg,WOTAM
logos/120732.jpg,AGGRESSION
logos/120741.jpg,THE DEEP BLUE
logos/120757.jpg,DISSEKTOR
logos/120770.jpg,ROT
logos/120919.jpg,BATTLE DAGORATH
logos/120943.jpg,ACCERSITUS
logos/121089.png,WURM
logos/121093.gif,PULMONARY FIBROSIS
logos/121127.jpg,OMOPHAGIA
logos/121134.jpg,PAGAN THRONE
logos/121155.jpg,ETERNAL HELCARAXE
logos/121177.jpg,MORBID VIOLENCE
logos/121188.jpg,NIMPHAION
logos/121265.jpg,RITUALIZATION
logos/121324.jpg,WOLVES OF HATE
logos/121339.jpg,ARCANUS TENEBRAE
logos/121340.png,VOICE OF WINTER
logos/121344.jpg,RAVEN THRONE
logos/121402.jpg,IN VEIN
logos/121405.jpg,WISDOMS CALL
logos/121444.jpg,REPOSSESSION
logos/121457.jpg,CAINS DINASTY
logos/121477.jpg,KYPCK
logos/121503.jpg,BLASPHEMICOM
logos/121537.jpg,LORD BAAL
logos/121562.jpg,EARTHEN
logos/121670.jpg,MINHYRIATH
logos/121828.jpg,FUROR
logos/121848.jpg,DROWN MY DAY
logos/121955.jpg,IMPLEMENTS OF HELL
logos/122036.jpg,MOVIMENTO DAVANGUARDIA ERMETICO
logos/122050.jpg,EVERTALE
logos/122062.jpg,FROSTWORK
logos/122067.jpg,AFFLICTIS LENTAE
logos/122079.jpg,ENBOUND
logos/122133.jpg,NOUMENO
logos/122206.jpg,DEVASTATION
logos/122241.jpg,ABDIEL
logos/122243.jpg,GANZIR
logos/122291.jpg,TORMENTOR
logos/122315.jpg,EMIR HOT
logos/122322.jpg,EGO DEPTHS
logos/122343.jpg,ABHORROT
logos/122356.jpg,QUEEF HUFFER
logos/122416.png,STURMTIGER
logos/122596.jpg,CHAOTIC SYMMETRY
logos/122605.jpg,MOON
logos/122607.jpg,DESOLATION
logos/122613.jpg,LOST REGRETS
logos/122617.jpg,EMBODIMENT
logos/122678.jpg,GRAVE DECLARATION
logos/122712.jpg,DEN SAAKALDTE
logos/122813.jpg,MOURNERS LAMENT
logos/122973.png,LORD VICAR
logos/123002.jpg,TWINS CREW
logos/123003.jpg,POWERWORLD
logos/123031.png,ANCESTORS
logos/123108.jpg,EINDIG
logos/123130.jpg,RAJASINGA
logos/123132.jpg,SERBHERUS
logos/123234.jpg,TWISTER
logos/123253.jpg,GRAFJAMMER
logos/123254.jpg,COOL HEAD KLAN
logos/123313.jpg,KNOKKELKLANG
logos/123426.jpg,STRYDEGOR
logos/123454.jpg,PYR EXOTERON
logos/123560.png,SCAFFOLD
logos/123608.jpg,TORMENTER
logos/123617.jpg,INTERMENT
logos/123631.jpg,CRUCIFYRE
logos/123632.jpg,AYYUR
logos/123641.jpg,WOLFMARE
logos/123665.jpg,SRODEK
logos/123774.png,GOATSIGNAL
logos/123775.jpg,MUSTA SIUNAUS
logos/123788.jpg,HYPOMANIE
logos/123801.png,LOS INDIOS
logos/124070.jpg,J D OVERDRIVE
logos/124114.png,OPHIDIAN FOREST
logos/124129.jpg,KLANDESTYN
logos/124233.jpg,FUNERAL VEIL
logos/124312.jpg,OLD BONES
logos/124327.jpg,GODSLAVE
logos/124449.jpg,AASDGOIHASDGHEXEKUL
logos/124484.jpg,ASENBLUT
logos/124518.png,ALTARS
logos/124523.jpg,PANCHO VILLA
logos/124598.jpg,JALDABOATH
logos/124602.jpg,CORUBO
logos/124632.jpg,HANTERNOZ
logos/124675.jpg,SHOEILAGER
logos/124699.jpg,PLACENTA
logos/124710.jpg,CIRUGIA MACABRA
logos/124738.jpg,MOLOCH LETALIS
logos/124784.jpg,DAVID READMAN
logos/124795.jpg,SHRAPNEL STORM
logos/124800.jpg,MECALIMB
logos/124878.jpg,MORBID CARNAGE
logos/124898.jpg,VAPULEADOR
logos/125085.jpg,COSMICS
logos/125135.jpg,VIETAH
logos/125142.jpg,SADOKIST
logos/125205.jpg,BLIND SECRECY
logos/125327.jpg,KORGULL THE EXTERMINATOR
logos/125333.jpg,WHITE MEDAL
logos/125442.jpg,EFREET
logos/125558.jpg,UNMOURNED
logos/125614.jpg,CARLOS LICHMAN
logos/125732.gif,MEDEIA
logos/125782.jpg,SYMPHONY DRACONIS
logos/125861.jpg,FEAR OF DOMINATION
logos/125873.jpg,TAGHUT
logos/125902.jpg,F A M A S
logos/125908.jpg,IMPAVIDA
logos/125971.jpg,SKULLHOG
logos/126117.jpg,PANOPTICON
logos/126146.jpg,INDECENT EXCISION
logos/126168.jpg,BY THE SWORD
logos/126171.jpg,THY BLEEDING SKIES
logos/126199.jpg,GOLGATHA
logos/126259.png,PUTERAEON
logos/126303.jpg,DRACONIS INFERNUM
logos/126306.jpg,FUNERA EDO
logos/126310.jpeg,THIRD VOICE
logos/126347.jpg,TROLLBAND
logos/126367.jpg,DEFORMATION GUARANTEED
logos/126369.jpg,TRANENDAL
logos/126443.jpg,DARK TOWER
logos/126488.jpg,NECROPHAGO
logos/126505.jpg,THE SEAN BAKER ORCHESTRA
logos/126573.jpg,AWAKE THE SUFFERING
logos/126624.png,REGULUS
logos/126658.jpg,A THOUSAND KNIVES OF FIRE
logos/126686.jpg,BRUTAL WAR
logos/126721.jpg,IGNIS GEHENNA
logos/126723.jpg,GRIFFEN
logos/126757.png,THULCANDRA
logos/126770.jpg,LIGHT SILENT DEATH
logos/126830.jpg,CARLOS OSNAYA
logos/126977.gif,PROCESSION
logos/127023.jpg,PROVOCATION
logos/127044.gif,EDENS WAY
logos/127074.jpg,ALIGHT
logos/127079.jpg,OCULARIS INFERNUM
logos/127085.jpg,MEATHOOK
logos/127094.jpg,MAZZEY
logos/127110.jpg,BEYOND THE GRAVE
logos/127265.jpg,INFECTIOUS CATHETER THERAPY
logos/127304.jpg,SEPULCHRAL VOICE
logos/127456.jpg,GOLGOTA
logos/127567.jpg,HYPERSONIC
logos/127584.gif,TORTURE PULSE
logos/127635.jpg,THEOSOPHY
logos/127708.jpg,MITHRIDATIC
logos/127711.png,SECT
logos/127731.jpg,APOCALYPTIC FIRE
logos/127742.jpg,HUMAN VOID
logos/127952.jpg,DIVUS KIRIUS
logos/127994.jpg,FORNICATUS
logos/128043.jpg,BLOOD IRON
logos/128125.jpg,HIPERMENORREA
logos/128215.jpg,SENIUM
logos/128247.jpg,RAHU
logos/128267.jpg,RATO RARO
logos/128277.jpg,MOTORTHRONE
logos/128324.jpg,BLASTOMYCOSIS
logos/128341.jpg,DEVIANT SYNDROME
logos/128388.png,YOUR KIDS ON FIRE
logos/128517.jpg,XUL
logos/128564.jpg,SUCCORBENOTH
logos/128590.png,CEPHALIC IMPURITY
logos/128633.jpg,COALISSION
logos/128641.jpg,BLACK SWORD THUNDER ATTACK
logos/128648.jpg,MEDOUSA
logos/128672.jpg,CAPRICORNUS
logos/128697.gif,EPICRISE
logos/128835.png,PAGANLAND
logos/128901.jpg,HUDSON CADORINI
logos/128939.jpg,NIVATHE
logos/128942.jpg,FIR BOLG
logos/128954.jpg,DETEST
logos/128985.jpg,HEERVADER
logos/129033.gif,PENTAGAMMADION
logos/129077.jpg,BESTIAL INVASION
logos/129142.jpg,CRIPTAL
logos/129185.jpg,INSANE COURT
logos/129188.jpg,ABADION
logos/129296.jpg,FECALIZER
logos/129350.jpg,KEITZER
logos/129375.jpg,TREES
logos/129383.jpg,EXPEDITION DELTA
logos/129423.jpg,CARPE NOCTEM
logos/129497.jpg,NAPOLEON SKULLFUKK
logos/129504.png,SEAMOUNT
logos/129596.jpg,ANIFERNYEN
logos/129699.jpg,DADDO
logos/129718.jpg,DAMMERFARBEN
logos/129777.jpg,SEVERED CORPSE
logos/129885.jpg,DWAIL
logos/129889.jpg,ARCHETYPE
logos/129903.png,SIGNIST
logos/129932.png,MINDWORK
logos/129953.jpg,VINTERTHRON
logos/129965.jpg,HELLBUTCHER
